angular_anomaly,kx,ky,omega_aniso
0.0037766250415640634,-0.92484991727724575,-0.92484991727724575,3.0436296196253578
1.3489209749195652e-13,-0.8508619238950661,-0.92484991727724575,3.0047821007349409
1.4465092906886575e-05,-0.77687393051288645,-0.92484991727724575,2.972217362271496
4.1176047563429297e-05,-0.70288593713070679,-0.92484991727724575,2.9454512367651819
7.8506476931394439e-05,-0.62889794374852714,-0.92484991727724575,2.9238983221958423
7.433798465383834e-05,-0.55490995036634749,-0.92484991727724575,2.9069183291482847
0.00016812842748831214,-0.48092195698416773,-0.92484991727724575,2.8938554703912103
0.00025651971465540883,-0.40693396360198808,-0.92484991727724575,2.8840695717044444
0.00014887543166364203,-0.33294597021980843,-0.92484991727724575,2.8769604980425809
0.00020760333625377547,-0.25895797683762878,-0.92484991727724575,2.8719884944788734
0.00028078693814434508,-0.18496998345544913,-0.92484991727724575,2.8686925602168034
0.00033270559816397927,-0.11098199007326948,-0.92484991727724575,2.8667076811004151
0.00033107099824342123,-0.036993996691089714,-0.92484991727724575,2.8657802924348768
0.00033107099773893589,0.036993996691089936,-0.92484991727724575,2.8657802924348732
0.00033270559804496336,0.11098199007326959,-0.92484991727724575,2.8667076811002712
0.00028078693830066448,0.18496998345544924,-0.92484991727724575,2.868692560216858
0.00020760333615030269,0.25895797683762889,-0.92484991727724575,2.8719884944789253
0.00014887543125641223,0.33294597021980854,-0.92484991727724575,2.8769604980423344
0.00025651971520075038,0.40693396360198819,-0.92484991727724575,2.8840695717049756
0.00016812842796926075,0.48092195698416784,-0.92484991727724575,2.8938554703915202
7.433798465383834e-05,0.55490995036634749,-0.92484991727724575,2.9069183291482847
7.8506476931394439e-05,0.62889794374852714,-0.92484991727724575,2.9238983221958423
4.1176047563429297e-05,0.70288593713070679,-0.92484991727724575,2.9454512367651819
1.4465092906886575e-05,0.77687393051288645,-0.92484991727724575,2.972217362271496
3.141931159689193e-14,0.85086192389506632,-0.92484991727724575,3.0047821007346736
0.0037766250415640634,0.92484991727724575,-0.92484991727724575,3.0436296196253578
-2.7855495687845178e-13,-0.92484991727724575,-0.8508619238950661,3.0047821007348485
-2.8930185871948403e-05,-0.8508619238950661,-0.8508619238950661,2.9693639180208211
-4.1176047837321317e-05,-0.77687393051288645,-0.8508619238950661,2.9403445570412323
-3.8935678091345585e-05,-0.70288593713070679,-0.8508619238950661,2.9171275110778399
-7.433798462341823e-05,-0.62889794374852714,-0.8508619238950661,2.8990327728497984
-2.674094894244191e-05,-0.55490995036634749,-0.8508619238950661,2.8853427946515273
-0.00014887543133057513,-0.48092195698416773,-0.8508619238950661,2.875337387351228
-9.2573926906563964e-05,-0.40693396360198808,-0.8508619238950661,2.8683191993516894
-3.7086102939676291e-05,-0.33294597021980843,-0.8508619238950661,2.8636336726930951
0.00019956934859048214,-0.25895797683762878,-0.8508619238950661,2.8606874431112801
0.00026327720743217053,-0.18496998345544913,-0.8508619238950661,2.8589677867397536
0.00028532957166449435,-0.11098199007326948,-0.8508619238950661,2.858063596725974
0.00030950156816356156,-0.036993996691089714,-0.8508619238950661,2.8576861306382657
0.00030950156768483339,0.036993996691089936,-0.8508619238950661,2.8576861306380628
0.00028532957203797338,0.11098199007326959,-0.8508619238950661,2.8580635967259309
0.00026327720743261462,0.18496998345544924,-0.8508619238950661,2.8589677867400449
0.00019956934858337671,0.25895797683762889,-0.8508619238950661,2.8606874431113787
-3.7086102324612735e-05,0.33294597021980854,-0.8508619238950661,2.863633672693644
-9.2573926466471557e-05,0.40693396360198819,-0.8508619238950661,2.8683191993517401
-0.00014887543148778271,0.48092195698416784,-0.8508619238950661,2.8753373873514216
-2.674094894244191e-05,0.55490995036634749,-0.8508619238950661,2.8853427946515273
-7.433798462341823e-05,0.62889794374852714,-0.8508619238950661,2.8990327728497984
-3.8935678091345585e-05,0.70288593713070679,-0.8508619238950661,2.9171275110778399
-4.1176047837321317e-05,0.77687393051288645,-0.8508619238950661,2.9403445570412323
-2.893018582309859e-05,0.85086192389506632,-0.8508619238950661,2.9693639180210933
-2.7855495687845178e-13,0.92484991727724575,-0.8508619238950661,3.0047821007348485
1.446509281984509e-05,-0.92484991727724575,-0.77687393051288645,2.972217362271337
-4.1176048241442498e-05,-0.8508619238950661,-0.77687393051288645,2.9403445570410356
-7.9141597526444576e-05,-0.77687393051288645,-0.77687393051288645,2.9149343987312255
-0.00016812842769758918,-0.70288593713070679,-0.77687393051288645,2.8952955498598647
-0.00014008993889252138,-0.62889794374852714,-0.77687393051288645,2.8806734337685969
-0.00032537667517221203,-0.55490995036634749,-0.77687393051288645,2.8702911554390158
-0.00029398489534532279,-0.48092195698416773,-0.77687393051288645,2.8633767739009639
-7.0299244871415041e-05,-0.40693396360198808,-0.77687393051288645,2.8591815128301485
-3.0031689846499177e-05,-0.33294597021980843,-0.77687393051288645,2.8569948042137794
0.00011820281345192862,-0.25895797683762878,-0.77687393051288645,2.8561613578737224
0.00014212797483358422,-0.18496998345544913,-0.77687393051288645,2.8561034347420882
0.00018152802059422449,-0.11098199007326948,-0.77687393051288645,2.8563485317554136
0.00020261440882395412,-0.036993996691089714,-0.77687393051288645,2.8565592460157876
0.00020261440891721286,0.036993996691089936,-0.77687393051288645,2.8565592460159084
0.00018152802108183444,0.11098199007326959,-0.77687393051288645,2.8563485317557094
0.00014212797529410473,0.18496998345544924,-0.77687393051288645,2.8561034347424852
0.000118202813354229,0.25895797683762889,-0.77687393051288645,2.8561613578735168
-3.0031689354892421e-05,0.33294597021980854,-0.77687393051288645,2.8569948042138695
-7.0299244761725006e-05,0.40693396360198819,-0.77687393051288645,2.8591815128306455
-0.00029398489533155603,0.48092195698416784,-0.77687393051288645,2.8633767739007925
-0.00032537667517221203,0.55490995036634749,-0.77687393051288645,2.8702911554390158
-0.00014008993889252138,0.62889794374852714,-0.77687393051288645,2.8806734337685969
-0.00016812842769758918,0.70288593713070679,-0.77687393051288645,2.8952955498598647
-7.9141597526444576e-05,0.77687393051288645,-0.77687393051288645,2.9149343987312255
-4.1176047508695302e-05,0.85086192389506632,-0.77687393051288645,2.9403445570413824
1.446509281984509e-05,0.92484991727724575,-0.77687393051288645,2.972217362271337
4.1176048043045643e-05,-0.92484991727724575,-0.70288593713070679,2.9454512367654715
-3.8935678537211152e-05,-0.8508619238950661,-0.70288593713070679,2.9171275110778168
-0.00016812842727215171,-0.77687393051288645,-0.70288593713070679,2.8952955498600947
-0.00017937765418245873,-0.70288593713070679,-0.70288593713070679,2.8791917418420319
-0.0004031452700271887,-0.62889794374852714,-0.70288593713070679,2.8680086280087624
-0.00024829165463143444,-0.55490995036634749,-0.70288593713070679,2.8609272197748621
-0.00024210254109258145,-0.48092195698416773,-0.70288593713070679,2.8571345265294252
-0.00011820281294777635,-0.40693396360198808,-0.70288593713070679,2.8558332724793769
-0.00010528341127681237,-0.33294597021980843,-0.70288593713070679,2.8562513481955665
9.8718188136781571e-05,-0.25895797683762878,-0.70288593713070679,2.8576576220312009
0.00012819341898012704,-0.18496998345544913,-0.70288593713070679,2.8593885605652858
0.00016037127415519103,-0.11098199007326948,-0.70288593713070679,2.8608862862378226
0.00024691418227881356,-0.036993996691089714,-0.70288593713070679,2.8617432520089925
0.00024691418242491891,0.036993996691089936,-0.70288593713070679,2.8617432520089601
0.0001603712748275421,0.11098199007326959,-0.70288593713070679,2.8608862862384763
0.00012819341890951685,0.18496998345544924,-0.70288593713070679,2.8593885605647933
9.8718187059865237e-05,0.25895797683762889,-0.70288593713070679,2.8576576220306125
-0.00010528341128436189,0.33294597021980854,-0.70288593713070679,2.8562513481953604
-0.00011820281363034146,0.40693396360198819,-0.70288593713070679,2.8558332724792725
-0.00024210254079948257,0.48092195698416784,-0.70288593713070679,2.8571345265294577
-0.00024829165463143444,0.55490995036634749,-0.70288593713070679,2.8609272197748621
-0.0004031452700271887,0.62889794374852714,-0.70288593713070679,2.8680086280087624
-0.00017937765418245873,0.70288593713070679,-0.70288593713070679,2.8791917418420319
-0.00016812842727215171,0.77687393051288645,-0.70288593713070679,2.8952955498600947
-3.8935678127316811e-05,0.85086192389506632,-0.70288593713070679,2.9171275110778767
4.1176048043045643e-05,0.92484991727724575,-0.70288593713070679,2.9454512367654715
7.8506477085493395e-05,-0.92484991727724575,-0.62889794374852714,2.9238983221958303
-7.4337983964833931e-05,-0.8508619238950661,-0.62889794374852714,2.8990327728502279
-0.00014008993863184101,-0.77687393051288645,-0.62889794374852714,2.8806734337686257
-0.00040314526987664245,-0.70288593713070679,-0.62889794374852714,2.8680086280084929
-0.00028851131237924311,-0.62889794374852714,-0.62889794374852714,2.8601993624507998
-0.000322696909509812,-0.55490995036634749,-0.62889794374852714,2.8564008780913559
-0.00026651165902403726,-0.48092195698416773,-0.62889794374852714,2.8557690527860062
-9.8718187382051958e-05,-0.40693396360198808,-0.62889794374852714,2.8574601856560289
-9.2844607066877582e-05,-0.33294597021980843,-0.62889794374852714,2.8606330703564544
9.1315174118988124e-07,-0.25895797683762878,-0.62889794374852714,2.8644620367961395
-2.4380497620768438e-13,-0.18496998345544913,-0.62889794374852714,2.8681682789426306
0.00012552342293579988,-0.11098199007326948,-0.62889794374852714,2.8710724808552128
0.0001396972475080499,-0.036993996691089714,-0.62889794374852714,2.8726630443841299
0.00013969724745609147,0.036993996691089936,-0.62889794374852714,2.8726630443840291
0.00012552342292336538,0.11098199007326959,-0.62889794374852714,2.8710724808551271
1.532107773982716e-13,0.18496998345544924,-0.62889794374852714,2.8681682789427336
9.131523433748498e-07,0.25895797683762889,-0.62889794374852714,2.8644620367966485
-9.2844606657427331e-05,0.33294597021980854,-0.62889794374852714,2.860633070356438
-9.8718187135582447e-05,0.40693396360198819,-0.62889794374852714,2.8574601856559605
-0.00026651165953074304,0.48092195698416784,-0.62889794374852714,2.8557690527860609
-0.000322696909509812,0.55490995036634749,-0.62889794374852714,2.8564008780913559
-0.00028851131237924311,0.62889794374852714,-0.62889794374852714,2.8601993624507998
-0.00040314526987664245,0.70288593713070679,-0.62889794374852714,2.8680086280084929
-0.00014008993863184101,0.77687393051288645,-0.62889794374852714,2.8806734337686257
-7.4337984540817637e-05,0.85086192389506632,-0.62889794374852714,2.8990327728497114
7.8506477085493395e-05,0.92484991727724575,-0.62889794374852714,2.9238983221958303
7.4337983974381849e-05,-0.92484991727724575,-0.55490995036634749,2.9069183291482728
-2.6740949361662124e-05,-0.8508619238950661,-0.55490995036634749,2.8853427946515424
-0.00032537667515755708,-0.77687393051288645,-0.55490995036634749,2.8702911554389878
-0.00024829165439562307,-0.70288593713070679,-0.55490995036634749,2.8609272197750402
-0.00032269690898401038,-0.62889794374852714,-0.55490995036634749,2.8564008780915753
-0.00030895066788628675,-0.55490995036634749,-0.55490995036634749,2.8558580530668172
-0.0001957200864612374,-0.48092195698416773,-0.55490995036634749,2.85843506005099
-0.00015003547487927194,-0.40693396360198808,-0.55490995036634749,2.8632463770830969
-8.684410357774619e-05,-0.33294597021980843,-0.55490995036634749,2.8693756228175005
-4.3298697960381105e-13,-0.25895797683762878,-0.55490995036634749,2.875881230217197
4.527899834552403e-05,-0.18496998345544913,-0.55490995036634749,2.8818297317190851
6.0589607683206054e-05,-0.11098199007326948,-0.55490995036634749,2.8863665954310584
7.0797537691593988e-05,-0.036993996691089714,-0.55490995036634749,2.8888214877389613
7.0797538301328473e-05,0.036993996691089936,-0.55490995036634749,2.8888214877392095
6.0589607494912229e-05,0.11098199007326959,-0.55490995036634749,2.8863665954307485
4.5278997938294225e-05,0.18496998345544924,-0.55490995036634749,2.8818297317188724
3.3884006711559778e-13,0.25895797683762889,-0.55490995036634749,2.8758812302174981
-8.6844104008956813e-05,0.33294597021980854,-0.55490995036634749,2.8693756228172815
-0.00015003547469630719,0.40693396360198819,-0.55490995036634749,2.8632463770830774
-0.00019572008624541004,0.48092195698416784,-0.55490995036634749,2.8584350600509612
-0.00030895066788628675,0.55490995036634749,-0.55490995036634749,2.8558580530668172
-0.00032269690898401038,0.62889794374852714,-0.55490995036634749,2.8564008780915753
-0.00024829165439562307,0.70288593713070679,-0.55490995036634749,2.8609272197750402
-0.00032537667515755708,0.77687393051288645,-0.55490995036634749,2.8702911554389878
-2.6740948950435516e-05,0.85086192389506632,-0.55490995036634749,2.8853427946516965
7.4337983974381849e-05,0.92484991727724575,-0.55490995036634749,2.9069183291482728
0.0001681284274159256,-0.92484991727724575,-0.48092195698416773,2.8938554703913208
-0.00014887543166630657,-0.8508619238950661,-0.48092195698416773,2.8753373873513173
-0.00029398489522541871,-0.77687393051288645,-0.48092195698416773,2.8633767739010141
-0.00024210254070045067,-0.70288593713070679,-0.48092195698416773,2.8571345265293377
-0.00026651165979053523,-0.62889794374852714,-0.48092195698416773,2.8557690527858224
-0.00019572008696394638,-0.55490995036634749,-0.48092195698416773,2.8584350600503927
-0.00019558371950637466,-0.48092195698416773,-0.48092195698416773,2.864265539924395
-0.00017837656647269606,-0.40693396360198808,-0.48092195698416773,2.8723449705697672
-0.00010130894554225304,-0.33294597021980843,-0.48092195698416773,2.8816831437750627
4.9373826323251269e-05,-0.25895797683762878,-0.48092195698416773,2.8912037837091424
-2.4328511503968198e-06,-0.18496998345544913,-0.48092195698416773,2.8997698550461233
2.432851424677418e-06,-0.11098199007326948,-0.48092195698416773,2.9062716439497458
0.00010229540854496139,-0.036993996691089714,-0.48092195698416773,2.9097886342614898
0.00010229540813506705,0.036993996691089936,-0.48092195698416773,2.9097886342610648
2.4328513438531818e-06,0.11098199007326959,-0.48092195698416773,2.9062716439496104
-2.4328513004989727e-06,0.18496998345544924,-0.48092195698416773,2.8997698550459279
4.9373826437826285e-05,0.25895797683762889,-0.48092195698416773,2.8912037837091202
-0.0001013089457620772,0.33294597021980854,-0.48092195698416773,2.8816831437750423
-0.00017837656669962565,0.40693396360198819,-0.48092195698416773,2.8723449705697228
-0.0001955837197559528,0.48092195698416784,-0.48092195698416773,2.8642655399244554
-0.00019572008696394638,0.55490995036634749,-0.48092195698416773,2.8584350600503927
-0.00026651165979053523,0.62889794374852714,-0.48092195698416773,2.8557690527858224
-0.00024210254070045067,0.70288593713070679,-0.48092195698416773,2.8571345265293377
-0.00029398489522541871,0.77687393051288645,-0.48092195698416773,2.8633767739010141
-0.00014887543205666098,0.85086192389506632,-0.48092195698416773,2.8753373873508519
0.0001681284274159256,0.92484991727724575,-0.48092195698416773,2.8938554703913208
0.00025651971527446919,-0.92484991727724575,-0.40693396360198808,2.8840695717050533
-9.2573927149036672e-05,-0.8508619238950661,-0.40693396360198808,2.8683191993515731
-7.0299244870526863e-05,-0.77687393051288645,-0.40693396360198808,2.8591815128303071
-0.00011820281339586236,-0.70288593713070679,-0.40693396360198808,2.8558332724794226
-9.8718187357182963e-05,-0.62889794374852714,-0.40693396360198808,2.8574601856559201
-0.00015003547473583113,-0.55490995036634749,-0.40693396360198808,2.8632463770831142
-0.00017837656671960966,-0.48092195698416773,-0.40693396360198808,2.8723449705698059
-0.00015071439642730692,-0.40693396360198808,-0.40693396360198808,2.8838349653533371
-4.9373826546517119e-05,-0.33294597021980843,-0.40693396360198808,2.8966705190221171
-5.0142927636986738e-05,-0.25895797683762878,-0.40693396360198808,2.9096361959256036
-1.312283615106935e-13,-0.18496998345544913,-0.40693396360198808,2.9213398601256624
3.3066929310506584e-05,-0.11098199007326948,-0.40693396360198808,2.9303002570604892
3.3111413747085369e-05,-0.036993996691089714,-0.40693396360198808,2.9351873494395697
3.311141420716179e-05,0.036993996691089936,-0.40693396360198808,2.9351873494400351
3.3066929207033798e-05,0.11098199007326959,-0.40693396360198808,2.9303002570603618
1.7918999617450027e-13,0.18496998345544924,-0.40693396360198808,2.9213398601255589
-5.0142926633345124e-05,0.25895797683762889,-0.40693396360198808,2.9096361959260988
-4.9373826305376678e-05,0.33294597021980854,-0.40693396360198808,2.8966705190223605
-0.00015071439614308983,0.40693396360198819,-0.40693396360198808,2.8838349653538211
-0.0001783765666481113,0.48092195698416784,-0.40693396360198808,2.8723449705696509
-0.00015003547473583113,0.55490995036634749,-0.40693396360198808,2.8632463770831142
-9.8718187357182963e-05,0.62889794374852714,-0.40693396360198808,2.8574601856559201
-0.00011820281339586236,0.70288593713070679,-0.40693396360198808,2.8558332724794226
-7.0299244870526863e-05,0.77687393051288645,-0.40693396360198808,2.8591815128303071
-9.2573926787992145e-05,0.85086192389506632,-0.40693396360198808,2.8683191993515762
0.00025651971527446919,0.92484991727724575,-0.40693396360198808,2.8840695717050533
0.00014887543177466434,-0.92484991727724575,-0.33294597021980843,2.8769604980424694
-3.708610210301222e-05,-0.8508619238950661,-0.33294597021980843,2.8636336726936453
-3.0031689069787149e-05,-0.77687393051288645,-0.33294597021980843,2.8569948042142257
-0.00010528341099614799,-0.70288593713070679,-0.33294597021980843,2.8562513481960434
-9.2844607423925307e-05,-0.62889794374852714,-0.33294597021980843,2.8606330703562528
-8.6844103946340234e-05,-0.55490995036634749,-0.33294597021980843,2.8693756228171541
-0.00010130894547786011,-0.48092195698416773,-0.33294597021980843,2.8816831437755543
-4.9373826392862252e-05,-0.40693396360198808,-0.33294597021980843,2.8966705190220443
-0.00010430496173867692,-0.33294597021980843,-0.33294597021980843,2.9132836175518753
-6.6178342696269436e-05,-0.25895797683762878,-0.33294597021980843,2.930201011788014
2.0139219207700784e-05,-0.18496998345544913,-0.33294597021980843,2.9457471074449737
3.697205633201861e-06,-0.11098199007326948,-0.33294597021980843,2.9579142307880399
-3.6972058343742731e-06,-0.036993996691089714,-0.33294597021980843,2.9646753296747805
-3.6972054737738347e-06,0.036993996691089936,-0.33294597021980843,2.964675329674956
3.6972052019912383e-06,0.11098199007326959,-0.33294597021980843,2.9579142307879662
2.0139219364464275e-05,0.18496998345544924,-0.33294597021980843,2.9457471074453512
-6.6178342893889134e-05,0.25895797683762889,-0.33294597021980843,2.9302010117879598
-0.00010430496231643698,0.33294597021980854,-0.33294597021980843,2.913283617551532
-4.9373826502552287e-05,0.40693396360198819,-0.33294597021980843,2.8966705190220781
-0.00010130894554447349,0.48092195698416784,-0.33294597021980843,2.8816831437755139
-8.6844103946340234e-05,0.55490995036634749,-0.33294597021980843,2.8693756228171541
-9.2844607423925307e-05,0.62889794374852714,-0.33294597021980843,2.8606330703562528
-0.00010528341099614799,0.70288593713070679,-0.33294597021980843,2.8562513481960434
-3.0031689069787149e-05,0.77687393051288645,-0.33294597021980843,2.8569948042142257
-3.7086102400107901e-05,0.85086192389506632,-0.33294597021980843,2.8636336726933567
0.00014887543177466434,0.92484991727724575,-0.33294597021980843,2.8769604980424694
0.00020760333587141466,-0.92484991727724575,-0.25895797683762878,2.8719884944787903
0.00019956934745316967,-0.8508619238950661,-0.25895797683762878,2.8606874431107445
0.00011820281332802773,-0.77687393051288645,-0.25895797683762878,2.8561613578734821
9.8718187075852448e-05,-0.70288593713070679,-0.25895797683762878,2.8576576220307079
9.1315255520540289e-07,-0.62889794374852714,-0.25895797683762878,2.8644620367962816
-2.5002222514558525e-13,-0.55490995036634749,-0.25895797683762878,2.8758812302172947
4.9373826170040491e-05,-0.48092195698416773,-0.25895797683762878,2.8912037837090341
-5.0142926783003187e-05,-0.40693396360198808,-0.25895797683762878,2.909636195926141
-6.6178343339754701e-05,-0.33294597021980843,-0.25895797683762878,2.9302010117878416
-4.0278438920774654e-05,-0.25895797683762878,-0.25895797683762878,2.9515764194436169
-4.624078897563777e-14,-0.18496998345544913,-0.25895797683762878,2.9718670138941645
1.0186296250935811e-13,-0.11098199007326948,-0.25895797683762878,2.9883948472302255
1.7146867930750709e-05,-0.036993996691089714,-0.25895797683762878,2.9979166442937757
1.7146867622996886e-05,0.036993996691089936,-0.25895797683762878,2.9979166442935745
-7.4884543010966809e-14,0.11098199007326959,-0.25895797683762878,2.9883948472304906
8.787415239908114e-14,0.18496998345544924,-0.25895797683762878,2.9718670138943857
-4.0278438819078225e-05,0.25895797683762889,-0.25895797683762878,2.9515764194438088
-6.6178342784199099e-05,0.33294597021980854,-0.25895797683762878,2.9302010117881321
-5.0142927683172016e-05,0.40693396360198819,-0.25895797683762878,2.9096361959256907
4.9373826565279888e-05,0.48092195698416784,-0.25895797683762878,2.8912037837091269
-2.5002222514558525e-13,0.55490995036634749,-0.25895797683762878,2.8758812302172947
9.1315255520540289e-07,0.62889794374852714,-0.25895797683762878,2.8644620367962816
9.8718187075852448e-05,0.70288593713070679,-0.25895797683762878,2.8576576220307079
0.00011820281332802773,0.77687393051288645,-0.25895797683762878,2.8561613578734821
0.00019956934782975732,0.85086192389506632,-0.25895797683762878,2.8606874431109639
0.00020760333587141466,0.92484991727724575,-0.25895797683762878,2.8719884944787903
0.00028078693820474121,-0.92484991727724575,-0.18496998345544913,2.8686925602170348
0.00026327720731715142,-0.8508619238950661,-0.18496998345544913,2.8589677867399992
0.00014212797476963537,-0.77687393051288645,-0.18496998345544913,2.8561034347420677
0.0001281934189445999,-0.70288593713070679,-0.18496998345544913,2.8593885605650455
-5.6399329650957952e-14,-0.62889794374852714,-0.18496998345544913,2.8681682789426053
4.527899848630031e-05,-0.55490995036634749,-0.18496998345544913,2.8818297317192281
-2.4328514790228351e-06,-0.48092195698416773,-0.18496998345544913,2.8997698550457467
4.1078251911130792e-14,-0.40693396360198808,-0.18496998345544913,2.9213398601258747
2.0139218902167407e-05,-0.33294597021980843,-0.18496998345544913,2.9457471074450687
-2.1899149160731213e-13,-0.25895797683762878,-0.18496998345544913,2.9718670138938288
-3.4293736157153809e-05,-0.18496998345544913,-0.18496998345544913,2.9978652036899067
9.6755936596082392e-14,-0.11098199007326948,-0.18496998345544913,3.0205036899233551
5.2735593669694936e-14,-0.036993996691089714,-0.18496998345544913,3.0345110364111303
-1.8929302569858919e-13,0.036993996691089936,-0.18496998345544913,3.0345110364110361
-4.7128967395337895e-14,0.11098199007326959,-0.18496998345544913,3.0205036899235171
-3.4293735951984594e-05,0.18496998345544924,-0.18496998345544913,2.9978652036898636
3.8408165536907291e-13,0.25895797683762889,-0.18496998345544913,2.9718670138941921
2.0139219578071185e-05,0.33294597021980854,-0.18496998345544913,2.9457471074453605
2.8888003100746573e-13,0.40693396360198819,-0.18496998345544913,2.9213398601257792
-2.4328511153137722e-06,0.48092195698416784,-0.18496998345544913,2.899769855046046
4.527899848630031e-05,0.55490995036634749,-0.18496998345544913,2.8818297317192281
-5.6399329650957952e-14,0.62889794374852714,-0.18496998345544913,2.8681682789426053
0.0001281934189445999,0.70288593713070679,-0.18496998345544913,2.8593885605650455
0.00014212797476963537,0.77687393051288645,-0.18496998345544913,2.8561034347420677
0.00026327720743261462,0.85086192389506632,-0.18496998345544913,2.8589677867397163
0.00028078693820474121,0.92484991727724575,-0.18496998345544913,2.8686925602170348
0.00033270559727802129,-0.92484991727724575,-0.11098199007326948,2.8667076810999714
0.00028532957116533808,-0.8508619238950661,-0.11098199007326948,2.8580635967254318
0.00018152802074787935,-0.77687393051288645,-0.11098199007326948,2.8563485317553732
0.00016037127474138879,-0.70288593713070679,-0.11098199007326948,2.8608862862382072
0.00012552342272530159,-0.62889794374852714,-0.11098199007326948,2.871072480855053
6.0589607362129556e-05,-0.55490995036634749,-0.11098199007326948,2.8863665954308608
2.4328514868499074e-06,-0.48092195698416773,-0.11098199007326948,2.9062716439495531
3.3066929306509781e-05,-0.40693396360198808,-0.11098199007326948,2.9303002570605581
3.6972057166906325e-06,-0.33294597021980843,-0.11098199007326948,2.9579142307881998
4.7684078907650473e-14,-0.25895797683762878,-0.11098199007326948,2.9883948472303432
1.8202106488729441e-13,-0.18496998345544913,-0.11098199007326948,3.0205036899235749
-2.4591439995447217e-13,-0.11098199007326948,-0.11098199007326948,3.0514361379854087
-1.0935696792557792e-14,-0.036993996691089714,-0.11098199007326948,3.0736932993400945
-3.4533487180965494e-13,0.036993996691089936,-0.11098199007326948,3.0736932993402344
6.4503957730721595e-14,0.11098199007326959,-0.11098199007326948,3.051436137985688
-6.2228000530240024e-14,0.18496998345544924,-0.11098199007326948,3.0205036899234763
6.1434191067633037e-13,0.25895797683762889,-0.11098199007326948,2.9883948472306137
3.6972057508855016e-06,0.33294597021980854,-0.11098199007326948,2.9579142307880884
3.3066929046273504e-05,0.40693396360198819,-0.11098199007326948,2.930300257060046
2.4328512643612132e-06,0.48092195698416784,-0.11098199007326948,2.9062716439495695
6.0589607362129556e-05,0.55490995036634749,-0.11098199007326948,2.8863665954308608
0.00012552342272530159,0.62889794374852714,-0.11098199007326948,2.871072480855053
0.00016037127474138879,0.70288593713070679,-0.11098199007326948,2.8608862862382072
0.00018152802074787935,0.77687393051288645,-0.11098199007326948,2.8563485317553732
0.0002853295715103954,0.85086192389506632,-0.11098199007326948,2.858063596725525
0.00033270559727802129,0.92484991727724575,-0.11098199007326948,2.8667076810999714
0.00033107099748669322,-0.92484991727724575,-0.036993996691089714,2.8657802924345468
0.00030950156786468952,-0.8508619238950661,-0.036993996691089714,2.8576861306379242
0.00020261440885681672,-0.77687393051288645,-0.036993996691089714,2.8565592460157991
0.00024691418214603088,-0.70288593713070679,-0.036993996691089714,2.8617432520088601
0.0001396972474383279,-0.62889794374852714,-0.036993996691089714,2.8726630443838963
7.0797537624092428e-05,-0.55490995036634749,-0.036993996691089714,2.8888214877387863
0.00010229540820079226,-0.48092195698416773,-0.036993996691089714,2.909788634261147
3.3111413787941576e-05,-0.40693396360198808,-0.036993996691089714,2.9351873494395355
-3.6972056025597055e-06,-0.33294597021980843,-0.036993996691089714,2.9646753296749115
1.714686792453346e-05,-0.25895797683762878,-0.036993996691089714,2.9979166442937717
5.0959236830294685e-14,-0.18496998345544913,-0.036993996691089714,3.0345110364111716
-6.1117777505614868e-14,-0.11098199007326948,-0.036993996691089714,3.073693299340067
2.9776181520446698e-13,-0.036993996691089714,-0.036993996691089714,3.1116348513251144
-1.1435297153639112e-13,0.036993996691089936,-0.036993996691089714,3.1116348513249439
8.8096197004006171e-14,0.11098199007326959,-0.036993996691089714,3.0736932993404684
-5.0293103015519591e-14,0.18496998345544924,-0.036993996691089714,3.034511036411164
1.7146867850370562e-05,0.25895797683762889,-0.036993996691089714,2.9979166442935576
-3.6972052068762196e-06,0.33294597021980854,-0.036993996691089714,2.9646753296752664
3.3111413357619131e-05,0.40693396360198819,-0.036993996691089714,2.9351873494395671
0.00010229540828294876,0.48092195698416784,-0.036993996691089714,2.9097886342613761
7.0797537624092428e-05,0.55490995036634749,-0.036993996691089714,2.8888214877387863
0.0001396972474383279,0.62889794374852714,-0.036993996691089714,2.8726630443838963
0.00024691418214603088,0.70288593713070679,-0.036993996691089714,2.8617432520088601
0.00020261440885681672,0.77687393051288645,-0.036993996691089714,2.8565592460157991
0.00030950156748454916,0.85086192389506632,-0.036993996691089714,2.8576861306378447
0.00033107099748669322,0.92484991727724575,-0.036993996691089714,2.8657802924345468
0.00033107099756707337,-0.92484991727724575,0.036993996691089936,2.8657802924346272
0.00030950156816667018,-0.8508619238950661,0.036993996691089936,2.8576861306382262
0.00020261440873913308,-0.77687393051288645,0.036993996691089936,2.8565592460156815
0.00024691418197061565,-0.70288593713070679,0.036993996691089936,2.8617432520088601
0.00013969724775673986,-0.62889794374852714,0.036993996691089936,2.8726630443842258
7.0797537380287451e-05,-0.55490995036634749,0.036993996691089936,2.8888214877387473
0.00010229540824697753,-0.48092195698416773,0.036993996691089936,2.9097886342614108
3.3111413799043806e-05,-0.40693396360198808,0.036993996691089936,2.9351873494400471
-3.6972052748218687e-06,-0.33294597021980843,0.036993996691089936,2.96467532967492
1.7146868092399181e-05,-0.25895797683762878,0.036993996691089936,2.9979166442937824
4.0445424787094453e-13,-0.18496998345544913,0.036993996691089936,3.0345110364112466
2.5907054279628028e-13,-0.11098199007326948,0.036993996691089936,3.0736932993404285
-9.5257135512838431e-14,-0.036993996691089714,0.036993996691089936,3.1116348513251144
-8.8151708155237429e-14,0.036993996691089936,0.036993996691089936,3.1116348513249439
7.7882145177454731e-14,0.11098199007326959,0.036993996691089936,3.073693299340547
1.1357581541915351e-13,0.18496998345544924,0.036993996691089936,3.0345110364111432
1.7146868393491665e-05,0.25895797683762889,0.036993996691089936,2.9979166442940159
-3.6972055963424566e-06,0.33294597021980854,0.036993996691089936,2.964675329674793
3.3111413657379348e-05,0.40693396360198819,0.036993996691089936,2.935187349439877
0.00010229540820034817,0.48092195698416784,0.036993996691089936,2.909788634261373
7.0797537380287451e-05,0.55490995036634749,0.036993996691089936,2.8888214877387473
0.00013969724775673986,0.62889794374852714,0.036993996691089936,2.8726630443842258
0.00024691418197061565,0.70288593713070679,0.036993996691089936,2.8617432520088601
0.00020261440873913308,0.77687393051288645,0.036993996691089936,2.8565592460156815
0.0003095015674046131,0.85086192389506632,0.036993996691089936,2.8576861306377648
0.00033107099756707337,0.92484991727724575,0.036993996691089936,2.8657802924346272
0.00033270559808004641,-0.92484991727724575,0.11098199007326959,2.8667076811002032
0.00028532957169602469,-0.8508619238950661,0.11098199007326959,2.8580635967257337
0.00018152802034286999,-0.77687393051288645,0.11098199007326959,2.8563485317552635
0.00016037127480045266,-0.70288593713070679,0.11098199007326959,2.8608862862382072
0.00012552342299441965,-0.62889794374852714,0.11098199007326959,2.8710724808553172
6.0589607633912152e-05,-0.55490995036634749,0.11098199007326959,2.8863665954309004
2.4328516937954792e-06,-0.48092195698416773,0.11098199007326959,2.9062716439495317
3.3066929246113649e-05,-0.40693396360198808,0.11098199007326959,2.9303002570603316
3.697205461783426e-06,-0.33294597021980843,0.11098199007326959,2.9579142307880466
-4.2171821590386571e-13,-0.25895797683762878,0.11098199007326959,2.9883948472301656
-1.8318679906315083e-15,-0.18496998345544913,0.11098199007326959,3.0205036899234345
8.0935258495173912e-14,-0.11098199007326948,0.11098199007326959,3.0514361379855681
-3.7581049383561549e-14,-0.036993996691089714,0.11098199007326959,3.0736932993400679
2.9920510513647969e-14,0.036993996691089936,0.11098199007326959,3.0736932993400865
1.0047518372857667e-13,0.11098199007326959,0.11098199007326959,3.0514361379856507
2.4730217873525362e-13,0.18496998345544924,0.11098199007326959,3.0205036899235416
-4.4791947928501941e-13,0.25895797683762889,0.11098199007326959,2.9883948472299244
3.6972057033679562e-06,0.33294597021980854,0.11098199007326959,2.9579142307881385
3.3066929264765395e-05,0.40693396360198819,0.11098199007326959,2.9303002570601255
2.4328517080063339e-06,0.48092195698416784,0.11098199007326959,2.9062716439498026
6.0589607633912152e-05,0.55490995036634749,0.11098199007326959,2.8863665954309004
0.00012552342299441965,0.62889794374852714,0.11098199007326959,2.8710724808553172
0.00016037127480045266,0.70288593713070679,0.11098199007326959,2.8608862862382072
0.00018152802034286999,0.77687393051288645,0.11098199007326959,2.8563485317552635
0.00028532957143090343,0.85086192389506632,0.11098199007326959,2.8580635967253656
0.00033270559808004641,0.92484991727724575,0.11098199007326959,2.8667076811002032
0.00028078693820474121,-0.92484991727724575,0.18496998345544924,2.8686925602170348
0.00026327720731715142,-0.8508619238950661,0.18496998345544924,2.8589677867399992
0.00014212797476963537,-0.77687393051288645,0.18496998345544924,2.8561034347420677
0.00012819341910669246,-0.70288593713070679,0.18496998345544924,2.8593885605652076
1.4699352846037073e-13,-0.62889794374852714,0.18496998345544924,2.8681682789426053
4.5278998363731688e-05,-0.55490995036634749,0.18496998345544924,2.8818297317191055
-2.4328514421634306e-06,-0.48092195698416773,0.18496998345544924,2.899769855045943
-1.2634338020234281e-13,-0.40693396360198808,0.18496998345544924,2.9213398601257854
2.0139219082911716e-05,-0.33294597021980843,0.18496998345544924,2.9457471074449435
4.7423176496863562e-13,-0.25895797683762878,0.18496998345544924,2.9718670138944838
-3.4293736192236857e-05,-0.18496998345544913,0.18496998345544924,2.9978652036896642
-2.4652502261801601e-13,-0.11098199007326948,0.18496998345544924,3.0205036899234043
-1.4666046155298318e-13,-0.036993996691089714,0.18496998345544924,3.0345110364111303
-2.354783035229957e-13,0.036993996691089936,0.18496998345544924,3.03451103641099
-1.6836532168440499e-13,0.11098199007326959,0.18496998345544924,3.0205036899231898
-3.4293736090096338e-05,0.18496998345544924,0.18496998345544924,2.9978652036895341
-1.8257617639960699e-13,0.25895797683762889,0.18496998345544924,2.9718670138939443
2.0139219166400487e-05,0.33294597021980854,0.18496998345544924,2.9457471074448769
1.6053824936079764e-13,0.40693396360198819,0.18496998345544924,2.9213398601256508
-2.4328513675564434e-06,0.48092195698416784,0.18496998345544924,2.8997698550458613
4.5278998363731688e-05,0.55490995036634749,0.18496998345544924,2.8818297317191055
1.4699352846037073e-13,0.62889794374852714,0.18496998345544924,2.8681682789426053
0.00012819341910669246,0.70288593713070679,0.18496998345544924,2.8593885605652076
0.00014212797476963537,0.77687393051288645,0.18496998345544924,2.8561034347420677
0.00026327720743261462,0.85086192389506632,0.18496998345544924,2.8589677867397163
0.00028078693820474121,0.92484991727724575,0.18496998345544924,2.8686925602170348
0.00020760333558719757,-0.92484991727724575,0.25895797683762889,2.8719884944784075
0.00019956934775204171,-0.8508619238950661,0.25895797683762889,2.8606874431109639
0.00011820281311042402,-0.77687393051288645,0.25895797683762889,2.8561613578732645
9.8718186981705536e-05,-0.70288593713070679,0.25895797683762889,2.8576576220307079
9.1315254454726186e-07,-0.62889794374852714,0.25895797683762889,2.8644620367963536
3.4416913763379853e-13,-0.55490995036634749,0.25895797683762889,2.8758812302175381
4.9373826448928515e-05,-0.48092195698416773,0.25895797683762889,2.8912037837092632
-5.0142927223539684e-05,-0.40693396360198808,0.25895797683762889,2.9096361959257768
-6.6178343501403173e-05,-0.33294597021980843,0.25895797683762889,2.9302010117875472
-4.0278437719957431e-05,-0.25895797683762878,0.25895797683762889,2.9515764194444238
-2.3497870316191438e-13,-0.18496998345544913,0.25895797683762889,2.9718670138940229
1.1785017406396037e-13,-0.11098199007326948,0.25895797683762889,2.9883948472301833
1.7146868102169144e-05,-0.036993996691089714,0.25895797683762889,2.9979166442939471
1.7146868474759991e-05,0.036993996691089936,0.25895797683762889,2.9979166442941327
6.2783112042552602e-14,0.11098199007326959,0.25895797683762889,2.988394847230246
-2.6340041259231839e-13,0.18496998345544924,0.25895797683762889,2.9718670138939873
-4.0278437918909397e-05,0.25895797683762889,0.25895797683762889,2.9515764194440326
-6.6178343410808974e-05,0.33294597021980854,0.25895797683762889,2.9302010117878026
-5.0142927100526972e-05,0.40693396360198819,0.25895797683762889,2.9096361959259873
4.9373826387200115e-05,0.48092195698416784,0.25895797683762889,2.8912037837091429
3.4416913763379853e-13,0.55490995036634749,0.25895797683762889,2.8758812302175381
9.1315254454726186e-07,0.62889794374852714,0.25895797683762889,2.8644620367963536
9.8718186981705536e-05,0.70288593713070679,0.25895797683762889,2.8576576220307079
0.00011820281311042402,0.77687393051288645,0.25895797683762889,2.8561613578732645
0.00019956934786972535,0.85086192389506632,0.25895797683762889,2.860687443111142
0.00020760333558719757,0.92484991727724575,0.25895797683762889,2.8719884944784075
0.00014887543177466434,-0.92484991727724575,0.33294597021980854,2.8769604980424694
-3.7086102204708649e-05,-0.8508619238950661,0.33294597021980854,2.8636336726935436
-3.003168913062737e-05,-0.77687393051288645,0.33294597021980854,2.8569948042141649
-0.00010528341061778398,-0.70288593713070679,0.33294597021980854,2.8562513481959142
-9.2844607205433416e-05,-0.62889794374852714,0.33294597021980854,2.8606330703562528
-8.6844103945896145e-05,-0.55490995036634749,0.33294597021980854,2.8693756228173091
-0.0001013089452806845,-0.48092195698416773,0.33294597021980854,2.8816831437754455
-4.9373826543852584e-05,-0.40693396360198808,0.33294597021980854,2.8966705190222179
-0.00010430496195628063,-0.33294597021980843,0.33294597021980854,2.9132836175517522
-6.6178343012460953e-05,-0.25895797683762878,0.33294597021980854,2.9302010117876978
2.0139219221467549e-05,-0.18496998345544913,0.33294597021980854,2.9457471074452535
3.6972054906492247e-06,-0.11098199007326948,0.33294597021980854,2.957914230787944
-3.6972058348183623e-06,-0.036993996691089714,0.33294597021980854,2.9646753296748773
-3.6972053969464014e-06,0.036993996691089936,0.33294597021980854,2.9646753296750328
3.6972052619432816e-06,0.11098199007326959,0.33294597021980854,2.9579142307879684
2.013921885553804e-05,0.18496998345544924,0.33294597021980854,2.9457471074449968
-6.6178342733572929e-05,0.25895797683762889,0.33294597021980854,2.9302010117879052
-0.00010430496200379818,0.33294597021980854,0.33294597021980854,2.9132836175517509
-4.9373826573162471e-05,0.40693396360198819,0.33294597021980854,2.8966705190222606
-0.00010130894561064278,0.48092195698416784,0.33294597021980854,2.8816831437750374
-8.6844103945896145e-05,0.55490995036634749,0.33294597021980854,2.8693756228173091
-9.2844607205433416e-05,0.62889794374852714,0.33294597021980854,2.8606330703562528
-0.00010528341061778398,0.70288593713070679,0.33294597021980854,2.8562513481959142
-3.003168913062737e-05,0.77687393051288645,0.33294597021980854,2.8569948042141649
-3.7086102994743353e-05,0.85086192389506632,0.33294597021980854,2.8636336726933407
0.00014887543177466434,0.92484991727724575,0.33294597021980854,2.8769604980424694
0.00025651971470514682,-0.92484991727724575,0.40693396360198819,2.884069571704484
-9.2573926927880246e-05,-0.8508619238950661,0.40693396360198819,2.8683191993518125
-7.0299244144441005e-05,-0.77687393051288645,0.40693396360198819,2.8591815128308098
-0.0001182028132706292,-0.70288593713070679,0.40693396360198819,2.8558332724792472
-9.8718187379387423e-05,-0.62889794374852714,0.40693396360198819,2.8574601856559996
-0.00015003547430151188,-0.55490995036634749,0.40693396360198819,2.8632463770831134
-0.00017837656649445643,-0.48092195698416773,0.40693396360198819,2.8723449705697379
-0.00015071439638645072,-0.40693396360198808,0.40693396360198819,2.8838349653533002
-4.9373826228993334e-05,-0.33294597021980843,0.40693396360198819,2.8966705190223525
-5.0142926826968019e-05,-0.25895797683762878,0.40693396360198819,2.9096361959258674
-2.5512925105886097e-13,-0.18496998345544913,0.40693396360198819,2.9213398601254963
3.3066929226129634e-05,-0.11098199007326948,0.40693396360198819,2.9303002570604186
3.3111413775507078e-05,-0.036993996691089714,0.40693396360198819,2.9351873494399707
3.3111413775062989e-05,0.036993996691089936,0.40693396360198819,2.9351873494395058
3.3066929658228435e-05,0.11098199007326959,0.40693396360198819,2.9303002570605581
-1.5698553568199713e-13,0.18496998345544924,0.40693396360198819,2.9213398601258485
-5.0142927613005921e-05,0.25895797683762889,0.40693396360198819,2.9096361959256742
-4.9373826546517119e-05,0.33294597021980854,0.40693396360198819,2.8966705190222628
-0.00015071439584155326,0.40693396360198819,0.40693396360198819,2.8838349653536706
-0.00017837656664544677,0.48092195698416784,0.40693396360198819,2.872344970569864
-0.00015003547430151188,0.55490995036634749,0.40693396360198819,2.8632463770831134
-9.8718187379387423e-05,0.62889794374852714,0.40693396360198819,2.8574601856559996
-0.0001182028132706292,0.70288593713070679,0.40693396360198819,2.8558332724792472
-7.0299244144441005e-05,0.77687393051288645,0.40693396360198819,2.8591815128308098
-9.2573926686739805e-05,0.85086192389506632,0.40693396360198819,2.8683191993516552
0.00025651971470514682,0.92484991727724575,0.40693396360198819,2.884069571704484
0.0001681284270659833,-0.92484991727724575,0.48092195698416784,2.8938554703909709
-0.00014887543150243765,-0.8508619238950661,0.48092195698416784,2.8753373873513173
-0.00029398489469917299,-0.77687393051288645,0.48092195698416784,2.8633767739010141
-0.00024210254064405134,-0.70288593713070679,0.48092195698416784,2.8571345265295691
-0.00026651165947789643,-0.62889794374852714,0.48092195698416784,2.8557690527859694
-0.00019572008644125338,-0.55490995036634749,0.48092195698416784,2.8584350600508364
-0.00019558371981412848,-0.48092195698416773,0.48092195698416784,2.8642655399243386
-0.0001783765663683351,-0.40693396360198808,0.48092195698416784,2.8723449705698445
-0.00010130894549207096,-0.33294597021980843,0.48092195698416784,2.881683143775462
4.9373827169685303e-05,-0.25895797683762878,0.48092195698416784,2.8912037837095665
-2.4328518969107815e-06,-0.18496998345544913,0.48092195698416784,2.8997698550457134
2.4328511320226287e-06,-0.11098199007326948,0.48092195698416784,2.9062716439494092
0.00010229540799162624,-0.036993996691089714,0.48092195698416784,2.9097886342609365
0.00010229540791302245,0.036993996691089936,0.48092195698416784,2.909788634260785
2.4328515339233636e-06,0.11098199007326959,0.48092195698416784,2.9062716439497227
-2.4328518356264706e-06,0.18496998345544924,0.48092195698416784,2.899769855045637
4.9373826137621979e-05,0.25895797683762889,0.48092195698416784,2.8912037837091971
-0.00010130894510216064,0.33294597021980854,0.48092195698416784,2.8816831437755042
-0.00017837656647003153,0.40693396360198819,0.48092195698416784,2.8723449705696478
-0.00019558371970710298,0.48092195698416784,0.48092195698416784,2.8642655399242134
-0.00019572008644125338,0.55490995036634749,0.48092195698416784,2.8584350600508364
-0.00026651165947789643,0.62889794374852714,0.48092195698416784,2.8557690527859694
-0.00024210254064405134,0.70288593713070679,0.48092195698416784,2.8571345265295691
-0.00029398489469917299,0.77687393051288645,0.48092195698416784,2.8633767739010141
-0.00014887543138697445,0.85086192389506632,0.48092195698416784,2.8753373873512778
0.0001681284270659833,0.92484991727724575,0.48092195698416784,2.8938554703909709
7.4337983974381849e-05,-0.92484991727724575,0.55490995036634749,2.9069183291482728
-2.6740949361662124e-05,-0.8508619238950661,0.55490995036634749,2.8853427946515424
-0.00032537667515755708,-0.77687393051288645,0.55490995036634749,2.8702911554389878
-0.00024829165439562307,-0.70288593713070679,0.55490995036634749,2.8609272197750402
-0.00032269690898401038,-0.62889794374852714,0.55490995036634749,2.8564008780915753
-0.00030895066788628675,-0.55490995036634749,0.55490995036634749,2.8558580530668172
-0.0001957200864612374,-0.48092195698416773,0.55490995036634749,2.85843506005099
-0.00015003547487927194,-0.40693396360198808,0.55490995036634749,2.8632463770830969
-8.684410357774619e-05,-0.33294597021980843,0.55490995036634749,2.8693756228175005
-4.3298697960381105e-13,-0.25895797683762878,0.55490995036634749,2.875881230217197
4.527899834552403e-05,-0.18496998345544913,0.55490995036634749,2.8818297317190851
6.0589607683206054e-05,-0.11098199007326948,0.55490995036634749,2.8863665954310584
7.0797537691593988e-05,-0.036993996691089714,0.55490995036634749,2.8888214877389613
7.0797538301328473e-05,0.036993996691089936,0.55490995036634749,2.8888214877392095
6.0589607494912229e-05,0.11098199007326959,0.55490995036634749,2.8863665954307485
4.5278997938294225e-05,0.18496998345544924,0.55490995036634749,2.8818297317188724
3.3884006711559778e-13,0.25895797683762889,0.55490995036634749,2.8758812302174981
-8.6844104008956813e-05,0.33294597021980854,0.55490995036634749,2.8693756228172815
-0.00015003547469630719,0.40693396360198819,0.55490995036634749,2.8632463770830774
-0.00019572008624541004,0.48092195698416784,0.55490995036634749,2.8584350600509612
-0.00030895066788628675,0.55490995036634749,0.55490995036634749,2.8558580530668172
-0.00032269690898401038,0.62889794374852714,0.55490995036634749,2.8564008780915753
-0.00024829165439562307,0.70288593713070679,0.55490995036634749,2.8609272197750402
-0.00032537667515755708,0.77687393051288645,0.55490995036634749,2.8702911554389878
-2.6740948950435516e-05,0.85086192389506632,0.55490995036634749,2.8853427946516965
7.4337983974381849e-05,0.92484991727724575,0.55490995036634749,2.9069183291482728
7.8506477085493395e-05,-0.92484991727724575,0.62889794374852714,2.9238983221958303
-7.4337983964833931e-05,-0.8508619238950661,0.62889794374852714,2.8990327728502279
-0.00014008993863184101,-0.77687393051288645,0.62889794374852714,2.8806734337686257
-0.00040314526987664245,-0.70288593713070679,0.62889794374852714,2.8680086280084929
-0.00028851131237924311,-0.62889794374852714,0.62889794374852714,2.8601993624507998
-0.000322696909509812,-0.55490995036634749,0.62889794374852714,2.8564008780913559
-0.00026651165902403726,-0.48092195698416773,0.62889794374852714,2.8557690527860062
-9.8718187382051958e-05,-0.40693396360198808,0.62889794374852714,2.8574601856560289
-9.2844607066877582e-05,-0.33294597021980843,0.62889794374852714,2.8606330703564544
9.1315174118988124e-07,-0.25895797683762878,0.62889794374852714,2.8644620367961395
-2.4380497620768438e-13,-0.18496998345544913,0.62889794374852714,2.8681682789426306
0.00012552342293579988,-0.11098199007326948,0.62889794374852714,2.8710724808552128
0.0001396972475080499,-0.036993996691089714,0.62889794374852714,2.8726630443841299
0.00013969724745609147,0.036993996691089936,0.62889794374852714,2.8726630443840291
0.00012552342292336538,0.11098199007326959,0.62889794374852714,2.8710724808551271
1.532107773982716e-13,0.18496998345544924,0.62889794374852714,2.8681682789427336
9.131523433748498e-07,0.25895797683762889,0.62889794374852714,2.8644620367966485
-9.2844606657427331e-05,0.33294597021980854,0.62889794374852714,2.860633070356438
-9.8718187135582447e-05,0.40693396360198819,0.62889794374852714,2.8574601856559605
-0.00026651165953074304,0.48092195698416784,0.62889794374852714,2.8557690527860609
-0.000322696909509812,0.55490995036634749,0.62889794374852714,2.8564008780913559
-0.00028851131237924311,0.62889794374852714,0.62889794374852714,2.8601993624507998
-0.00040314526987664245,0.70288593713070679,0.62889794374852714,2.8680086280084929
-0.00014008993863184101,0.77687393051288645,0.62889794374852714,2.8806734337686257
-7.4337984540817637e-05,0.85086192389506632,0.62889794374852714,2.8990327728497114
7.8506477085493395e-05,0.92484991727724575,0.62889794374852714,2.9238983221958303
4.1176048043045643e-05,-0.92484991727724575,0.70288593713070679,2.9454512367654715
-3.8935678537211152e-05,-0.8508619238950661,0.70288593713070679,2.9171275110778168
-0.00016812842727215171,-0.77687393051288645,0.70288593713070679,2.8952955498600947
-0.00017937765418245873,-0.70288593713070679,0.70288593713070679,2.8791917418420319
-0.0004031452700271887,-0.62889794374852714,0.70288593713070679,2.8680086280087624
-0.00024829165463143444,-0.55490995036634749,0.70288593713070679,2.8609272197748621
-0.00024210254109258145,-0.48092195698416773,0.70288593713070679,2.8571345265294252
-0.00011820281294777635,-0.40693396360198808,0.70288593713070679,2.8558332724793769
-0.00010528341127681237,-0.33294597021980843,0.70288593713070679,2.8562513481955665
9.8718188136781571e-05,-0.25895797683762878,0.70288593713070679,2.8576576220312009
0.00012819341898012704,-0.18496998345544913,0.70288593713070679,2.8593885605652858
0.00016037127415519103,-0.11098199007326948,0.70288593713070679,2.8608862862378226
0.00024691418227881356,-0.036993996691089714,0.70288593713070679,2.8617432520089925
0.00024691418242491891,0.036993996691089936,0.70288593713070679,2.8617432520089601
0.0001603712748275421,0.11098199007326959,0.70288593713070679,2.8608862862384763
0.00012819341890951685,0.18496998345544924,0.70288593713070679,2.8593885605647933
9.8718187059865237e-05,0.25895797683762889,0.70288593713070679,2.8576576220306125
-0.00010528341128436189,0.33294597021980854,0.70288593713070679,2.8562513481953604
-0.00011820281363034146,0.40693396360198819,0.70288593713070679,2.8558332724792725
-0.00024210254079948257,0.48092195698416784,0.70288593713070679,2.8571345265294577
-0.00024829165463143444,0.55490995036634749,0.70288593713070679,2.8609272197748621
-0.0004031452700271887,0.62889794374852714,0.70288593713070679,2.8680086280087624
-0.00017937765418245873,0.70288593713070679,0.70288593713070679,2.8791917418420319
-0.00016812842727215171,0.77687393051288645,0.70288593713070679,2.8952955498600947
-3.8935678127316811e-05,0.85086192389506632,0.70288593713070679,2.9171275110778767
4.1176048043045643e-05,0.92484991727724575,0.70288593713070679,2.9454512367654715
1.446509281984509e-05,-0.92484991727724575,0.77687393051288645,2.972217362271337
-4.1176048241442498e-05,-0.8508619238950661,0.77687393051288645,2.9403445570410356
-7.9141597526444576e-05,-0.77687393051288645,0.77687393051288645,2.9149343987312255
-0.00016812842769758918,-0.70288593713070679,0.77687393051288645,2.8952955498598647
-0.00014008993889252138,-0.62889794374852714,0.77687393051288645,2.8806734337685969
-0.00032537667517221203,-0.55490995036634749,0.77687393051288645,2.8702911554390158
-0.00029398489534532279,-0.48092195698416773,0.77687393051288645,2.8633767739009639
-7.0299244871415041e-05,-0.40693396360198808,0.77687393051288645,2.8591815128301485
-3.0031689846499177e-05,-0.33294597021980843,0.77687393051288645,2.8569948042137794
0.00011820281345192862,-0.25895797683762878,0.77687393051288645,2.8561613578737224
0.00014212797483358422,-0.18496998345544913,0.77687393051288645,2.8561034347420882
0.00018152802059422449,-0.11098199007326948,0.77687393051288645,2.8563485317554136
0.00020261440882395412,-0.036993996691089714,0.77687393051288645,2.8565592460157876
0.00020261440891721286,0.036993996691089936,0.77687393051288645,2.8565592460159084
0.00018152802108183444,0.11098199007326959,0.77687393051288645,2.8563485317557094
0.00014212797529410473,0.18496998345544924,0.77687393051288645,2.8561034347424852
0.000118202813354229,0.25895797683762889,0.77687393051288645,2.8561613578735168
-3.0031689354892421e-05,0.33294597021980854,0.77687393051288645,2.8569948042138695
-7.0299244761725006e-05,0.40693396360198819,0.77687393051288645,2.8591815128306455
-0.00029398489533155603,0.48092195698416784,0.77687393051288645,2.8633767739007925
-0.00032537667517221203,0.55490995036634749,0.77687393051288645,2.8702911554390158
-0.00014008993889252138,0.62889794374852714,0.77687393051288645,2.8806734337685969
-0.00016812842769758918,0.70288593713070679,0.77687393051288645,2.8952955498598647
-7.9141597526444576e-05,0.77687393051288645,0.77687393051288645,2.9149343987312255
-4.1176047508695302e-05,0.85086192389506632,0.77687393051288645,2.9403445570413824
1.446509281984509e-05,0.92484991727724575,0.77687393051288645,2.972217362271337
1.1224354778960333e-13,-0.92484991727724575,0.85086192389506632,3.0047821007350093
-2.8930185462054062e-05,-0.8508619238950661,0.85086192389506632,2.9693639180210645
-4.1176047625490764e-05,-0.77687393051288645,0.85086192389506632,2.9403445570413864
-3.8935678225016437e-05,-0.70288593713070679,0.85086192389506632,2.9171275110780348
-7.4337984127370582e-05,-0.62889794374852714,0.85086192389506632,2.8990327728498637
-2.6740949167595139e-05,-0.55490995036634749,0.85086192389506632,2.8853427946516632
-0.00014887543120667424,-0.48092195698416773,0.85086192389506632,2.8753373873513519
-9.2573926995825895e-05,-0.40693396360198808,0.85086192389506632,2.868319199351228
-3.7086102723404846e-05,-0.33294597021980843,0.85086192389506632,2.8636336726935014
0.00019956934821389449,-0.25895797683762878,0.85086192389506632,2.8606874431109057
0.00026327720730338466,-0.18496998345544913,0.85086192389506632,2.8589677867398269
0.00028532957184168595,-0.11098199007326948,0.85086192389506632,2.8580635967258488
0.00030950156792020067,-0.036993996691089714,0.85086192389506632,2.8576861306381818
0.00030950156786424543,0.036993996691089936,0.85086192389506632,2.8576861306382422
0.00028532957135185555,0.11098199007326959,0.85086192389506632,2.8580635967252448
0.00026327720736378079,0.18496998345544924,0.85086192389506632,2.8589677867398979
0.00019956934759749866,0.25895797683762889,0.85086192389506632,2.8606874431107503
-3.7086103179040375e-05,0.33294597021980854,0.85086192389506632,2.863633672693183
-9.2573927713474058e-05,0.40693396360198819,0.85086192389506632,2.8683191993512014
-0.00014887543230135414,0.48092195698416784,0.85086192389506632,2.8753373873507191
-2.6740949167595139e-05,0.55490995036634749,0.85086192389506632,2.8853427946516632
-7.4337984127370582e-05,0.62889794374852714,0.85086192389506632,2.8990327728498637
-3.8935678225016437e-05,0.70288593713070679,0.85086192389506632,2.9171275110780348
-4.1176047625490764e-05,0.77687393051288645,0.85086192389506632,2.9403445570413864
-2.893018574982387e-05,0.85086192389506632,0.85086192389506632,2.9693639180209157
1.1224354778960333e-13,0.92484991727724575,0.85086192389506632,3.0047821007350093
0.0037766250415640634,-0.92484991727724575,0.92484991727724575,3.0436296196253578
1.3489209749195652e-13,-0.8508619238950661,0.92484991727724575,3.0047821007349409
1.4465092906886575e-05,-0.77687393051288645,0.92484991727724575,2.972217362271496
4.1176047563429297e-05,-0.70288593713070679,0.92484991727724575,2.9454512367651819
7.8506476931394439e-05,-0.62889794374852714,0.92484991727724575,2.9238983221958423
7.433798465383834e-05,-0.55490995036634749,0.92484991727724575,2.9069183291482847
0.00016812842748831214,-0.48092195698416773,0.92484991727724575,2.8938554703912103
0.00025651971465540883,-0.40693396360198808,0.92484991727724575,2.8840695717044444
0.00014887543166364203,-0.33294597021980843,0.92484991727724575,2.8769604980425809
0.00020760333625377547,-0.25895797683762878,0.92484991727724575,2.8719884944788734
0.00028078693814434508,-0.18496998345544913,0.92484991727724575,2.8686925602168034
0.00033270559816397927,-0.11098199007326948,0.92484991727724575,2.8667076811004151
0.00033107099824342123,-0.036993996691089714,0.92484991727724575,2.8657802924348768
0.00033107099773893589,0.036993996691089936,0.92484991727724575,2.8657802924348732
0.00033270559804496336,0.11098199007326959,0.92484991727724575,2.8667076811002712
0.00028078693830066448,0.18496998345544924,0.92484991727724575,2.868692560216858
0.00020760333615030269,0.25895797683762889,0.92484991727724575,2.8719884944789253
0.00014887543125641223,0.33294597021980854,0.92484991727724575,2.8769604980423344
0.00025651971520075038,0.40693396360198819,0.92484991727724575,2.8840695717049756
0.00016812842796926075,0.48092195698416784,0.92484991727724575,2.8938554703915202
7.433798465383834e-05,0.55490995036634749,0.92484991727724575,2.9069183291482847
7.8506476931394439e-05,0.62889794374852714,0.92484991727724575,2.9238983221958423
4.1176047563429297e-05,0.70288593713070679,0.92484991727724575,2.9454512367651819
1.4465092906886575e-05,0.77687393051288645,0.92484991727724575,2.972217362271496
3.141931159689193e-14,0.85086192389506632,0.92484991727724575,3.0047821007346736
0.0037766250415640634,0.92484991727724575,0.92484991727724575,3.0436296196253578
