kx,ky,omega_iso,ring_kx,ring_ky
-0.92484991727724575,-0.92484991727724575,3.0398529945837938,0.80421731937151808,0
-0.8508619238950661,-0.92484991727724575,3.0009793828235214,0.80418247822152378,0.0074858866274219379
-0.77687393051288645,-0.92484991727724575,2.9683555807176569,0.80407795779039115,0.014971124631909393
-0.70288593713070679,-0.92484991727724575,2.941506965241989,0.80390376713440859,0.022455065446728539
-0.62889794374852714,-0.92484991727724575,2.9198562738125466,0.80365992134651831,0.029937060617541981
-0.55490995036634749,-0.92484991727724575,2.9027698505261696,0.80334644155500845,0.037416461858594804
-0.48092195698416773,-0.92484991727724575,2.8895973970156281,0.8029633549216828,0.044892621108885998
-0.40693396360198808,-0.92484991727724575,2.8797036421155173,0.80251069463950664,0.052364890588320473
-0.33294597021980843,-0.92484991727724575,2.8724932673223673,0.80198849992973154,0.059832622853836566
-0.25895797683762878,-0.92484991727724575,2.8674314977866744,0.80139681603849588,0.067295170855504613
-0.18496998345544913,-0.92484991727724575,2.8640623799227138,0.80073569423290569,0.074751887992591207
-0.11098199007326948,-0.92484991727724575,2.8620255821463059,0.8000051917965918,0.082202128169584623
-0.036993996691089714,-0.92484991727724575,2.8610712163742522,0.79920537202474629,0.089645245852176536
0.036993996691089936,-0.92484991727724575,2.8610712163747531,0.7983363042186391,0.097080596123195084
0.11098199007326959,-0.92484991727724575,2.862025582146281,0.79739806367961219,0.1045075347384843
0.18496998345544924,-0.92484991727724575,2.8640623799226121,0.79639073170255592,0.11192541818272547
0.25895797683762889,-0.92484991727724575,2.8674314977868298,0.79531439556886452,0.11933360372519523
0.33294597021980854,-0.92484991727724575,2.8724932673225281,0.7941691485388741,0.12673144947545562
0.40693396360198819,-0.92484991727724575,2.8797036421155031,0.79295508984378149,0.1341183144389714
0.48092195698416784,-0.92484991727724575,2.8895973970154571,0.79167232467704618,0.14149355857264986
0.55490995036634749,-0.92484991727724575,2.9027698505261696,0.79032096418527642,0.14885654284029781
0.62889794374852714,-0.92484991727724575,2.9198562738125466,0.78890112545859792,0.15620662926799181
0.70288593713070679,-0.92484991727724575,2.941506965241989,0.78741293152050917,0.16354318099935605
0.77687393051288645,-0.92484991727724575,2.9683555807176569,0.78585651131722167,0.17086556235074343
0.85086192389506632,-0.92484991727724575,3.0009793828233575,0.78423199970648683,0.17817313886631511
0.92484991727724575,-0.92484991727724575,3.0398529945837938,0.78253953744591165,0.18546527737301374
-0.92484991727724575,-0.8508619238950661,3.0009793828238425,0.78077927118076262,0.19274134603542517
-0.8508619238950661,-0.8508619238950661,2.9655455317457609,0.77895135343125887,0.20000071441052483
-0.77687393051288645,-0.8508619238950661,2.9364826376134401,0.77705594257935773,0.20724275350230298
-0.70288593713070679,-0.8508619238950661,2.9132029048495669,0.77509320285503058,0.21446683581626477
-0.62889794374852714,-0.8508619238950661,2.8950329701969606,0.77306330432203407,0.22167233541380038
-0.55490995036634749,-0.8508619238950661,2.8812601257261981,0.77096642286317374,0.22885862796641998
-0.48092195698416773,-0.8508619238950661,2.8711679074940086,0.76880274016506522,0.23602509080984929
-0.40693396360198808,-0.8508619238950661,2.8640623799226508,0.76657244370239108,0.24317110299798123
-0.33294597021980843,-0.8508619238950661,2.8592927537336537,0.76427572672165767,0.25029604535667849
-0.25895797683762878,-0.8508619238950661,2.8562701142930362,0.7619127882244503,0.25739930053742222
-0.18496998345544913,-0.8508619238950661,2.8544867500626681,0.7594838329501914,0.26448025307080342
-0.11098199007326948,-0.8508619238950661,2.8535365594985369,0.75698907135839943,0.27153828941985025
-0.036993996691089714,-0.8508619238950661,2.8531349214143296,0.75442871961045477,0.27857279803318957
0.036993996691089936,-0.8508619238950661,2.8531349214146053,0.75180299955086893,0.28558316939803441
0.11098199007326959,-0.8508619238950661,2.8535365594981204,0.7491121386880637,0.29256879609299674
0.18496998345544924,-0.8508619238950661,2.8544867500629589,0.7463563701746575,0.29952907284071778
0.25895797683762889,-0.8508619238950661,2.8562701142931419,0.74353593278726393,0.30646339656031296
0.33294597021980854,-0.8508619238950661,2.8592927537335875,0.74065107090580307,0.31337116641962659
0.40693396360198819,-0.8508619238950661,2.8640623799222613,0.73770203449232652,0.32025178388729159
0.48092195698416784,-0.8508619238950661,2.8711679074943595,0.73468907906935921,0.32710465278458994
0.55490995036634749,-0.8508619238950661,2.8812601257261981,0.73161246569775928,0.33392917933710919
0.62889794374852714,-0.8508619238950661,2.8950329701969606,0.72847246095409868,0.34072477222619074
0.70288593713070679,-0.8508619238950661,2.9132029048495669,0.72526933690756445,0.34749084264016528
0.77687393051288645,-0.8508619238950661,2.9364826376134401,0.7220033710963859,0.35422680432537113
0.85086192389506632,-0.8508619238950661,2.9655455317459842,0.71867484650378655,0.36093207363695057
0.92484991727724575,-0.8508619238950661,3.0009793828238425,0.71528405153346475,0.36760606958942071
-0.92484991727724575,-0.77687393051288645,2.968355580717585,0.71183127998460471,0.37424821390701346
-0.8508619238950661,-0.77687393051288645,2.9364826376136475,0.70831683102641962,0.38085793107378085
-0.77687393051288645,-0.77687393051288645,2.9110499984223877,0.70474100917223059,0.38743464838346142
-0.70288593713070679,-0.77687393051288645,2.8913737333394685,0.70110412425308077,0.3939777959891026
-0.62889794374852714,-0.77687393051288645,2.8767041138332177,0.6974064913908905,0.40048680695243638
-0.55490995036634749,-0.77687393051288645,2.8662671387582428,0.69364843097115292,0.40696111729300138
-0.48092195698416773,-0.77687393051288645,2.8592927537339281,0.68983026861517327,0.4134001660370108
-0.40693396360198808,-0.77687393051288645,2.8550340526053666,0.68595233515185638,0.41980339526595722
-0.33294597021980843,-0.77687393051288645,2.8527831282478533,0.68201496658904026,0.42617025016495524
-0.25895797683762878,-0.77687393051288645,2.8518885765352513,0.67801850408438313,0.43250017907081323
-0.18496998345544913,-0.77687393051288645,2.8517776739748157,0.67396329391580323,0.4387926335198335
-0.11098199007326948,-0.77687393051288645,2.8519833709423805,0.66984968745147522,0.44504706829533353
-0.036993996691089714,-0.77687393051288645,2.8521729988145248,0.66567804111938522,0.45126294147488832
0.036993996691089936,-0.77687393051288645,2.8521729988145523,0.66144871637644809,0.45743971447728432
0.11098199007326959,-0.77687393051288645,2.8519833709421887,0.65716207967718865,0.46357685210918642
0.18496998345544924,-0.77687393051288645,2.8517776739747522,0.65281850244198947,0.46967382261151031
0.25895797683762889,-0.77687393051288645,2.8518885765351434,0.6484183610249088,0.47573009770549662
0.33294597021980854,-0.77687393051288645,2.8527831282474518,0.6439620366810711,0.48174515263848494
0.40693396360198819,-0.77687393051288645,2.8550340526057538,0.63944991553363284,0.48771846622938125
0.48092195698416784,-0.77687393051288645,2.8592927537337429,0.63488238854032608,0.49364952091381659
0.55490995036634749,-0.77687393051288645,2.8662671387582428,0.63025985145958408,0.4995378027889914
0.62889794374852714,-0.77687393051288645,2.8767041138332177,0.62558270481624967,0.50538280165820382
0.70288593713070679,-0.77687393051288645,2.8913737333394685,0.62085135386687196,0.51118401107505551
0.77687393051288645,-0.77687393051288645,2.9110499984223877,0.61606620856459182,0.5169409283873343
0.85086192389506632,-0.77687393051288645,2.9364826376132616,0.61122768352362189,0.52265305478056601
0.92484991727724575,-0.77687393051288645,2.968355580717585,0.60633619798332106,0.52831989532123547
-0.92484991727724575,-0.70288593713070679,2.9415069652417989,0.60139217577186921,0.5339409589996702
-0.8508619238950661,-0.70288593713070679,2.9132029048499897,0.59639604526954448,0.53951575877258462
-0.77687393051288645,-0.70288593713070679,2.8913737333392731,0.59134823937160541,0.5450438116052807
-0.70288593713070679,-0.70288593713070679,2.8752617096219426,0.58624919545078247,0.55052463851350064
-0.62889794374852714,-0.70288593713070679,2.8640623799228444,0.58109935531938151,0.55595776460492896
-0.55490995036634749,-0.70288593713070679,2.8569577519598401,0.57589916519100193,0.56134271912034039
-0.48092195698416773,-0.70288593713070679,2.8531349214147452,0.5706490756418745,0.56667903547438947
-0.40693396360198808,-0.70288593713070679,2.8517968967673055,0.56534954157182093,0.57196625129603773
-0.33294597021980843,-0.70288593713070679,2.8521729988144044,0.56000102216483749,0.57720390846861691
-0.25895797683762878,-0.70288593713070679,2.8535352742828417,0.55460398084930973,0.58239155316952251
-0.18496998345544913,-0.70288593713070679,2.8552251393756878,0.54915888525785761,0.58752873590953625
-0.11098199007326948,-0.70288593713070679,2.8566906871930495,0.54366620718681657,0.59261501157177221
-0.036993996691089714,-0.70288593713070679,2.8575298899856407,0.53812642255535947,0.59764993945024458
0.036993996691089936,-0.70288593713070679,2.8575298899854622,0.53254001136425855,0.60263308328805321
0.11098199007326959,-0.70288593713070679,2.8566906871930309,0.52690745765429625,0.60756401131518334
0.18496998345544924,-0.70288593713070679,2.8552251393752659,0.52122924946432458,0.61244229628591706
0.25895797683762889,-0.70288593713070679,2.8535352742833302,0.51550587878897869,0.61726751551585246
0.33294597021980854,-0.70288593713070679,2.8521729988142059,0.50973784153604695,0.62203925091852708
0.40693396360198819,-0.70288593713070679,2.8517968967678837,0.50392563748350294,0.62675708904164429
0.48092195698416784,-0.70288593713070679,2.8531349214144845,0.49806977023620141,0.63142062110289676
0.55490995036634749,-0.70288593713070679,2.8569577519598401,0.49217074718224318,0.636029443025386
0.62889794374852714,-0.70288593713070679,2.8640623799228444,0.48622907944901173,0.64058315547263411
0.70288593713070679,-0.70288593713070679,2.8752617096219426,0.48024528185888554,0.64508136388318471
0.77687393051288645,-0.70288593713070679,2.8913737333392731,0.47421987288463174,0.64952367850479009
0.85086192389506632,-0.70288593713070679,2.9132029048496397,0.46815337460448153,0.65390971442818191
0.92484991727724575,-0.70288593713070679,2.9415069652417989,0.46204631265689466,0.65823909162042138
-0.92484991727724575,-0.62889794374852714,2.9198562738123806,0.45589921619501467,0.66251143495782894
-0.8508619238950661,-0.62889794374852714,2.8950329701967314,0.44971261784082012,0.66672637425848602
-0.77687393051288645,-0.62889794374852714,2.8767041138329859,0.44348705363897445,0.67088354431431074
-0.70288593713070679,-0.62889794374852714,2.8640623799224243,0.43722306301038028,0.67498258492270102
-0.62889794374852714,-0.62889794374852714,2.8562701142935256,0.43092118870544061,0.6790231409177454
-0.55490995036634749,-0.62889794374852714,2.8524818673450931,0.42458197675703141,0.68300486220099632
-0.48092195698416773,-0.62889794374852714,2.8518519316525914,0.41820597643319007,0.68692740377180495
-0.40693396360198808,-0.62889794374852714,2.8535352742831885,0.41179374018952358,0.69079042575721428
-0.33294597021980843,-0.62889794374852714,2.8566906871929034,0.40534582362134003,0.69459359344140792
-0.25895797683762878,-0.62889794374852714,2.8604946758033254,0.3988627854155094,0.69833657729471077
-0.18496998345544913,-0.62889794374852714,2.8641730819041831,0.3923451873020542,0.70201905300214351
-0.11098199007326948,-0.62889794374852714,2.8670530434555461,0.38579359400547858,0.70564070149152125
-0.036993996691089714,-0.62889794374852714,2.8686294331598909,0.37920857319583695,0.70920120896110139
0.036993996691089936,-0.62889794374852714,2.8686294331598421,0.37259069543954793,0.71270026690677224
0.11098199007326959,-0.62889794374852714,2.8670530434554728,0.36594053414995625,0.71613757214878415
0.18496998345544924,-0.62889794374852714,2.8641730819038891,0.35925866553764901,0.71951282685801921
0.25895797683762889,-0.62889794374852714,2.8604946758032321,0.35254566856053016,0.72282573858179622
0.33294597021980854,-0.62889794374852714,2.8566906871924775,0.34580212487365436,0.72607602026921114
0.40693396360198819,-0.62889794374852714,2.8535352742828737,0.33902861877883028,0.72926339029600873
0.48092195698416784,-0.62889794374852714,2.8518519316531528,0.3322257371739924,0.73238757248898456
0.55490995036634749,-0.62889794374852714,2.8524818673450931,0.325394069502349,0.73544829614991347
0.62889794374852714,-0.62889794374852714,2.8562701142935256,0.3185342077013088,0.73844529607900533
0.70288593713070679,-0.62889794374852714,2.8640623799224243,0.31164674615119214,0.74137831259788334
0.77687393051288645,-0.62889794374852714,2.8767041138329859,0.30473228162372995,0.74424709157208402
0.85086192389506632,-0.62889794374852714,2.895032970196791,0.29779141323035657,0.74705138443307717
0.92484991727724575,-0.62889794374852714,2.9198562738123806,0.29082474237029804,0.7497909481998033
-0.92484991727724575,-0.55490995036634749,2.9027698505268371,0.28383287267846369,0.75246554549972677
-0.8508619238950661,-0.55490995036634749,2.8812601257266324,0.27681640997314411,0.75507494458940339
-0.77687393051288645,-0.55490995036634749,2.8662671387582002,0.26977596220351796,0.75761891937456016
-0.70288593713070679,-0.55490995036634749,2.8569577519597824,0.26271213939697696,0.7600972494296856
-0.62889794374852714,-0.55490995036634749,2.8524818673447867,0.25562555360626826,0.76250972001712813
-0.55490995036634749,-0.55490995036634749,2.8519833709422646,0.24851681885646373,0.76485612210570286
-0.48092195698416773,-0.55490995036634749,2.8545955523668334,0.24138655109175564,0.76713625238880323
-0.40693396360198808,-0.55490995036634749,2.8594299647169032,0.23423536812208834,0.7693499133020163
-0.33294597021980843,-0.55490995036634749,2.8655685529443473,0.22706388956962728,0.77149691304024182
-0.25895797683762878,-0.55490995036634749,2.8720704661553573,0.21987273681507144,0.77357706557431016
-0.18496998345544913,-0.55490995036634749,2.8780061077049268,0.21266253294381252,0.77559019066710233
-0.11098199007326948,-0.55490995036634749,2.8825276608075625,0.20543390269194711,0.77753611388916588
-0.036993996691089714,-0.55490995036634749,2.884972345185457,0.19818747239214668,0.77941466663382875
0.036993996691089936,-0.55490995036634749,2.8849723451850955,0.19092386991938681,0.78122568613180876
0.11098199007326959,-0.55490995036634749,2.8825276608074408,0.18364372463654538,0.78296901546531639
0.18496998345544924,-0.55490995036634749,2.8780061077051213,0.17634766733987012,0.78464450358165183
0.25895797683762889,-0.55490995036634749,2.8720704661548866,0.16903633020432332,0.78625200530629191
0.33294597021980854,-0.55490995036634749,2.8655685529445596,0.1617103467288053,0.78779138135547022
0.40693396360198819,-0.55490995036634749,2.8594299647167007,0.15437035168126492,0.78926249834824458
0.48092195698416784,-0.55490995036634749,2.8545955523665887,0.14701698104369906,0.79066522881805479
0.55490995036634749,-0.55490995036634749,2.8519833709422646,0.1396508719570479,0.79199945122376603
0.62889794374852714,-0.55490995036634749,2.8524818673447867,0.13227266266598808,0.79326504996020097
0.70288593713070679,-0.55490995036634749,2.8569577519597824,0.12488299246363194,0.7944619153681558
0.77687393051288645,-0.55490995036634749,2.8662671387582002,0.11748250163613561,0.79558994374390235
0.85086192389506632,-0.55490995036634749,2.8812601257263752,0.11007183140721977,0.79664903734817305
0.92484991727724575,-0.55490995036634749,2.9027698505268371,0.10265162388261079,0.79763910441463015
-0.92484991727724575,-0.48092195698416773,2.8895973970158111,0.095222521994404383,0.79856005915781658
-0.8508619238950661,-0.48092195698416773,2.8711679074944336,0.087785169445358788,0.79941182178058878
-0.77687393051288645,-0.48092195698416773,2.8592927537338584,0.080340210653119387,0.80019431848103162
-0.70288593713070679,-0.48092195698416773,2.8531349214142656,0.072888290694383032,0.80090748145885204
-0.62889794374852714,-0.48092195698416773,2.8518519316531741,0.065430055249004443,0.80155124892125429
-0.55490995036634749,-0.48092195698416773,2.8545955523667388,0.057966150544051152,0.80212556508829391
-0.48092195698416773,-0.48092195698416773,2.8604946758028285,0.050497223297809479,0.8026303801977106
-0.40693396360198808,-0.48092195698416773,2.868629433159509,0.043023920663749347,0.80306565050924061
-0.33294597021980843,-0.48092195698416773,2.8780061077047923,0.035546890174451569,0.80343133830840563
-0.25895797683762878,-0.48092195698416773,2.8875471195052507,0.028066779685500552,0.8037274119097817
-0.18496998345544913,-0.48092195698416773,2.896117739480383,0.02058423731935087,0.8039538456597437
-0.11098199007326948,-0.48092195698416773,2.9026146626814304,0.013099911409169596,0.80411061993868871
-0.036993996691089714,-0.48092195698416773,2.9061260140333269,0.0056144504426615029,0.80419772116273569
0.036993996691089936,-0.48092195698416773,2.9061260140333118,-0.0018714969941209716,0.80421514178490272
0.11098199007326959,-0.48092195698416773,2.9026146626813758,-0.0093572822729744501,0.80416288029576077
0.18496998345544924,-0.48092195698416773,2.8961177394803377,-0.016842256779746087,0.8040409412235644
0.25895797683762889,-0.48092195698416773,2.8875471195051139,-0.024325771970532751,0.80384933513385948
0.33294597021980854,-0.48092195698416773,2.8780061077049917,-0.031807179427875892,0.80358807862856774
0.40693396360198819,-0.48092195698416773,2.8686294331596915,-0.039285830916943855,0.80325719434454845
0.48092195698416784,-0.48092195698416773,2.8604946758031384,-0.04676107844169837,0.80285671095163647
0.55490995036634749,-0.48092195698416773,2.8545955523667388,-0.05423227430104198,0.80238666315015905
0.62889794374852714,-0.48092195698416773,2.8518519316531741,-0.061698771144938047,0.80184709166792822
0.70288593713070679,-0.48092195698416773,2.8531349214142656,-0.069159922030501544,0.80123804325671244
0.77687393051288645,-0.48092195698416773,2.8592927537338584,-0.076615080478053349,0.8005595706881854
0.85086192389506632,-0.48092195698416773,2.8711679074943586,-0.084063600527136351,0.79981173274935424
0.92484991727724575,-0.48092195698416773,2.8895973970158111,-0.091504836792484612,0.79899459423746488
-0.92484991727724575,-0.40693396360198808,2.8797036421155071,-0.098938144519943871,0.79810822595438835
-0.8508619238950661,-0.40693396360198808,2.8640623799227769,-0.1063628796423363,0.79715270470048594
-0.77687393051288645,-0.40693396360198808,2.8550340526055242,-0.11377839883526743,0.79612811326795463
-0.70288593713070679,-0.40693396360198808,2.8517968967677993,-0.12118405957286725,0.79503454043365318
-0.62889794374852714,-0.40693396360198808,2.8535352742830549,-0.12857922018346193,0.7938720809514106
-0.55490995036634749,-0.40693396360198808,2.8594299647167771,-0.13596323990517337,0.79264083554381581
-0.48092195698416773,-0.40693396360198808,2.8686294331597946,-0.14333547894143789,0.79134091089349023
-0.40693396360198808,-0.40693396360198808,2.8802073347339516,-0.15069529851644259,0.78997241963384435
-0.33294597021980843,-0.40693396360198808,2.8931126024710951,-0.15804206093047188,0.7885354803393182
-0.25895797683762878,-0.40693396360198808,2.9061260140336227,-0.16537512961516301,0.78703021751510815
-0.18496998345544913,-0.40693396360198808,2.9178550782658879,-0.17269386918866134,0.78545676158637767
-0.11098199007326948,-0.40693396360198808,2.9268234702667941,-0.17999764551067401,0.78381524888695808
-0.036993996691089714,-0.40693396360198808,2.931710518161438,-0.18728582573741534,0.78210582164753439
0.036993996691089936,-0.40693396360198808,2.9317105181614433,-0.19455777837644089,0.78032862798332214
0.11098199007326959,-0.40693396360198808,2.9268234702667701,-0.20181287334136366,0.77848382188123411
0.18496998345544924,-0.40693396360198808,2.917855078265474,-0.20905048200644799,0.77657156318653731
0.25895797683762889,-0.40693396360198808,2.9061260140331142,-0.21626997726107841,0.77459201758900342
0.33294597021980854,-0.40693396360198808,2.8931126024710974,-0.22347073356409583,0.77254535660855228
0.40693396360198819,-0.40693396360198808,2.8802073347341515,-0.23065212699799864,0.7704317575803904
0.48092195698416784,-0.40693396360198808,2.8686294331595681,-0.23781353532300187,0.76825140363964561
0.55490995036634749,-0.40693396360198808,2.8594299647167771,-0.24495433803095296,0.76600448370549901
0.62889794374852714,-0.40693396360198808,2.8535352742830549,-0.25207391639909577,0.76369119246481554
0.70288593713070679,-0.40693396360198808,2.8517968967677993,-0.25917165354368021,0.76131173035527633
0.77687393051288645,-0.40693396360198808,2.8550340526055242,-0.26624693447341358,0.75886630354800977
0.85086192389506632,-0.40693396360198808,2.864062379922419,-0.27329914614274675,0.75635512392972915
0.92484991727724575,-0.40693396360198808,2.8797036421155071,-0.28032767750499216,0.75377840908437233
-0.92484991727724575,-0.33294597021980843,2.8724932673221448,-0.28733191956526838,0.75113638227425017
-0.8508619238950661,-0.33294597021980843,2.8592927537333672,-0.2943112654332678,0.74842927242070034
-0.77687393051288645,-0.33294597021980843,2.8527831282475229,-0.30126511037584081,0.74565731408425329
-0.70288593713070679,-0.33294597021980843,2.8521729988146007,-0.30819285186939394,0.74282074744430782
-0.62889794374852714,-0.33294597021980843,2.8566906871930589,-0.31509388965209545,0.73991981827832087
-0.55490995036634749,-0.33294597021980843,2.8655685529443695,-0.32196762577588656,0.73695477794051167
-0.48092195698416773,-0.33294597021980843,2.8780061077052195,-0.32881346465829114,0.73392588334008291
-0.40693396360198808,-0.33294597021980843,2.8931126024708687,-0.33563081313401988,0.73083339691896054
-0.33294597021980843,-0.33294597021980843,2.909827597693996,-0.34241908050636682,0.72767758662905413
-0.25895797683762878,-0.33294597021980843,2.9268234702663256,-0.34917767859838977,0.72445872590904026
-0.18496998345544913,-0.33294597021980843,2.942420515942882,-0.35590602180387509,0.7211770936606694
-0.11098199007326948,-0.33294597021980843,2.9546124391593644,-0.36260352713807636,0.71783297422460091
-0.036993996691089714,-0.33294597021980843,2.9613809324575726,-0.36926961428822952,0.7144266573557656
0.036993996691089936,-0.33294597021980843,2.9613809324573874,-0.37590370566383313,0.71095843819825966
0.11098199007326959,-0.33294597021980843,2.9546124391597219,-0.38250522644669499,0.70742861725977191
0.18496998345544924,-0.33294597021980843,2.9424205159431027,-0.38907360464073903,0.70383750038554505
0.25895797683762889,-0.33294597021980843,2.9268234702664691,-0.39560827112156433,0.70018539873187668
0.33294597021980854,-0.33294597021980843,2.9098275976942305,-0.40210865968575887,0.69647262873915783
0.40693396360198819,-0.33294597021980843,2.8931126024710121,-0.40857420709995951,0.6926995121044548
0.48092195698416784,-0.33294597021980843,2.8780061077052457,-0.41500435314965217,0.68886637575363563
0.55490995036634749,-0.33294597021980843,2.8655685529443695,-0.42139854068771326,0.68497355181304331
0.62889794374852714,-0.33294597021980843,2.8566906871930589,-0.42775621568268513,0.68102137758071768
0.70288593713070679,-0.33294597021980843,2.8521729988146007,-0.4340768272667786,0.6770101954971709
0.77687393051288645,-0.33294597021980843,2.8527831282475229,-0.44035982778360616,0.67294035311571487
0.85086192389506632,-0.33294597021980843,2.8592927537333757,-0.4466046728356316,0.6688122030723489
0.92484991727724575,-0.33294597021980843,2.8724932673221448,-0.45281082133134143,0.66462610305520375
-0.92484991727724575,-0.25895797683762878,2.8674314977869737,-0.45897773553212901,0.66038241577354961
-0.8508619238950661,-0.25895797683762878,2.856270114293638,-0.46510488109888576,0.65608150892636929
-0.77687393051288645,-0.25895797683762878,2.8518885765351349,-0.47119172713830038,0.65172375517049841
-0.70288593713070679,-0.25895797683762878,2.8535352742834097,-0.47723774624885956,0.64730953208833519
-0.62889794374852714,-0.25895797683762878,2.8604946758026535,-0.4832424145665436,0.64283922215512579
-0.55490995036634749,-0.25895797683762878,2.8720704661552721,-0.48920521181021803,0.63831321270582364
-0.48092195698416773,-0.25895797683762878,2.8875471195052955,-0.49512562132671495,0.63373189590152779
-0.40693396360198808,-0.25895797683762878,2.9061260140333061,-0.50100313013559639,0.62909566869550526
-0.33294597021980843,-0.25895797683762878,2.9268234702667968,-0.50683722897360561,0.62440493279879461
-0.25895797683762878,-0.25895797683762878,2.9483102455996537,-0.51262741233878928,0.61966009464540095
-0.18496998345544913,-0.25895797683762878,2.9686830203202281,-0.51837317853429909,0.61486156535707936
-0.11098199007326948,-0.25895797683762878,2.9852589410493109,-0.52407402971186268,0.61000976070771196
-0.036993996691089714,-0.25895797683762878,2.9947991687489068,-0.5297294719149177,0.60510510108728444
0.036993996691089936,-0.25895797683762878,2.9947991687490134,-0.53533901512141335,0.60014801146545971
0.11098199007326959,-0.25895797683762878,2.9852589410497528,-0.54090217328626855,0.59513892135475543
0.18496998345544924,-0.25895797683762878,2.9686830203203152,-0.54641846438348485,0.59007826477333036
0.25895797683762889,-0.25895797683762878,2.9483102455997439,-0.5518874104479129,0.58496648020737674
0.33294597021980854,-0.25895797683762878,2.9268234702665317,-0.55730853761666654,0.57980401057312703
0.40693396360198819,-0.25895797683762878,2.9061260140337559,-0.56268137617018021,0.57459130317847873
0.48092195698416784,-0.25895797683762878,2.8875471195049931,-0.56800546057290957,0.56932880968423449
0.55490995036634749,-0.25895797683762878,2.8720704661552721,-0.57328032951366692,0.56401698606496931
0.62889794374852714,-0.25895797683762878,2.8604946758026535,-0.5785055259455929,0.55865629256952187
0.70288593713070679,-0.25895797683762878,2.8535352742834097,-0.58368059712575826,0.55324719368111441
0.77687393051288645,-0.25895797683762878,2.8518885765351349,-0.58880509465439113,0.54779015807710874
0.85086192389506632,-0.25895797683762878,2.8562701142934808,-0.59387857451372938,0.54228565858839661
0.92484991727724575,-0.25895797683762878,2.8674314977869737,-0.59890059710649446,0.53673417215842956
-0.92484991727724575,-0.18496998345544913,2.8640623799228848,-0.60387072729397839,0.53113617980189587
-0.8508619238950661,-0.18496998345544913,2.8544867500630287,-0.60878853443374858,0.52549216656304099
-0.77687393051288645,-0.18496998345544913,2.8517776739748593,-0.61365359241696138,0.51980262147363998
-0.70288593713070679,-0.18496998345544913,2.8552251393754831,-0.6184654797052811,0.51406803751062646
-0.62889794374852714,-0.18496998345544913,2.8641730819039704,-0.62322377936740692,0.50828891155337641
-0.55490995036634749,-0.18496998345544913,2.878006107704929,-0.62792807911519644,0.50246574434065638
-0.48092195698416773,-0.18496998345544913,2.896117739480335,-0.63257797133938976,0.49659904042723702
-0.40693396360198808,-0.18496998345544913,2.9178550782659278,-0.63717305314492745,0.49068930814017309
-0.33294597021980843,-0.18496998345544913,2.9424205159432826,-0.64171292638585919,0.48473705953476171
-0.25895797683762878,-0.18496998345544913,2.9686830203200651,-0.64619719769984163,0.47874281035017335
-0.18496998345544913,-0.18496998345544913,2.9947991687491258,-0.65062547854222263,0.4727070799647643
-0.11098199007326948,-0.18496998345544913,3.0175191365159644,-0.65499738521970596,0.46663039135107615
-0.036993996691089714,-0.18496998345544913,3.0315638845203199,-0.65931253892359698,0.4605132710305217
0.036993996691089936,-0.18496998345544913,3.0315638845204678,-0.66357056576262619,0.45435624902776289
0.11098199007326959,-0.18496998345544913,3.0175191365162704,-0.66777109679534363,0.44815985882478815
0.18496998345544924,-0.18496998345544913,2.9947991687488775,-0.67191376806208802,0.44192463731468612
0.25895797683762889,-0.18496998345544913,2.9686830203198253,-0.67599822061652093,0.43565112475512768
0.33294597021980854,-0.18496998345544913,2.9424205159428984,-0.68002410055672857,0.42933986472155455
0.40693396360198819,-0.18496998345544913,2.9178550782655845,-0.68399105905588675,0.42299140406007868
0.48092195698416784,-0.18496998345544913,2.8961177394802706,-0.68789875239248444,0.41660629284010303
0.55490995036634749,-0.18496998345544913,2.878006107704929,-0.69174684198010605,0.41018508430665845
0.62889794374852714,-0.18496998345544913,2.8641730819039704,-0.69553499439676947,0.40372833483246651
0.70288593713070679,-0.18496998345544913,2.8552251393754831,-0.69926288141381432,0.39723660386973425
0.77687393051288645,-0.18496998345544913,2.8517776739748593,-0.70293018002434282,0.39071045390167802
0.85086192389506632,-0.18496998345544913,2.8544867500626303,-0.70653657247120716,0.38415045039378648
0.92484991727724575,-0.18496998345544913,2.8640623799228848,-0.71008174627454057,0.37755716174482667
-0.92484991727724575,-0.11098199007326948,2.8620255821467482,-0.7135653942588347,0.37093115923759246
-0.8508619238950661,-0.11098199007326948,2.8535365594984938,-0.71698721457955261,0.36427301698940712
-0.77687393051288645,-0.11098199007326948,2.8519833709421865,-0.72034691074928436,0.35758331190237724
-0.70288593713070679,-0.11098199007326948,2.8566906871928479,-0.72364419166343619,0.35086262361340564
-0.62889794374852714,-0.11098199007326948,2.8670530434555968,-0.72687877162545256,0.34411153444396991
-0.55490995036634749,-0.11098199007326948,2.882527660807686,-0.7300503703715715,0.33733062934966579
-0.48092195698416773,-0.11098199007326948,2.9026146626811755,-0.73315871309510872,0.33052049586952142
-0.40693396360198808,-0.11098199007326948,2.926823470266867,-0.73620353047026754,0.32368172407509221
-0.33294597021980843,-0.11098199007326948,2.9546124391594408,-0.7391845586754755,0.31681490651933181
-0.25895797683762878,-0.11098199007326948,2.9852589410494828,-0.74210153941624346,0.30992063818524895
-0.18496998345544913,-0.11098199007326948,3.0175191365160989,-0.74495421994754574,0.30299951643435674
-0.11098199007326948,-0.11098199007326948,3.0485778679570759,-0.74774235309571957,0.29605214095491106
-0.036993996691089714,-0.11098199007326948,3.0709121630465335,-0.75046569727988166,0.28907911370995204
0.036993996691089936,-0.11098199007326948,3.0709121630470078,-0.75312401653285976,0.28208103888514563
0.11098199007326959,-0.11098199007326948,3.0485778679570448,-0.75571708052163966,0.27505852283643184
0.18496998345544924,-0.11098199007326948,3.0175191365162446,-0.75824466456732109,0.26801217403748878
0.25895797683762889,-0.11098199007326948,2.9852589410491865,-0.76070654966458584,0.26094260302700939
0.33294597021980854,-0.11098199007326948,2.9546124391592952,-0.76310252250067434,0.25385042235580008
0.40693396360198819,-0.11098199007326948,2.9268234702666152,-0.76543237547386778,0.24673624653370715
0.48092195698416784,-0.11098199007326948,2.9026146626814144,-0.76769590671147547,0.23960069197637121
0.55490995036634749,-0.11098199007326948,2.882527660807686,-0.76989292008732768,0.23244437695181594
0.62889794374852714,-0.11098199007326948,2.8670530434555968,-0.7720232252387681,0.22526792152688013
0.70288593713070679,-0.11098199007326948,2.8566906871928479,-0.77408663758314855,0.21807194751348846
0.77687393051288645,-0.11098199007326948,2.8519833709421865,-0.77608297833382167,0.21085707841477636
0.85086192389506632,-0.11098199007326948,2.853536559498242,-0.77801207451563315,0.20362393937106482
0.92484991727724575,-0.11098199007326948,2.8620255821467482,-0.77987375897990885,0.19637315710569342
-0.92484991727724575,-0.036993996691089714,2.861071216374679,-0.78166787041893704,0.18910535987071928
-0.8508619238950661,-0.036993996691089714,2.8531349214142869,-0.78339425337994573,0.18182117739248033
-0.77687393051288645,-0.036993996691089714,2.8521729988145035,-0.78505275827857213,0.1745212408170311
-0.70288593713070679,-0.036993996691089714,2.8575298899856412,-0.78664324141182318,0.16720618265545828
-0.62889794374852714,-0.036993996691089714,2.8686294331597271,-0.78816556497052681,0.15987663672907509
-0.55490995036634749,-0.036993996691089714,2.8849723451853495,-0.78961959705127305,0.15253323811450228
-0.48092195698416773,-0.036993996691089714,2.9061260140333283,-0.79100521166784243,0.14517662308864335
-0.40693396360198808,-0.036993996691089714,2.931710518161363,-0.79232228876212263,0.13780742907355106
-0.33294597021980843,-0.036993996691089714,2.9613809324574718,-0.79357071421451064,0.13042629458119967
-0.25895797683762878,-0.036993996691089714,2.9947991687489091,-0.7947503798538007,0.12303385915815929
-0.18496998345544913,-0.036993996691089714,3.031563884520363,-0.79586118346655788,0.11563076333018062
-0.11098199007326948,-0.036993996691089714,3.0709121630465561,-0.79690302880597308,0.10821764854669803
-0.036993996691089714,-0.036993996691089714,3.1090324113511398,-0.79787582560020365,0.10079515712524938
0.036993996691089936,-0.036993996691089714,3.1090324113513814,-0.79877948956019429,0.093363932195820606
0.11098199007326959,-0.036993996691089714,3.0709121630468084,-0.79961394238698069,0.085924617645123241
0.18496998345544924,-0.036993996691089714,3.0315638845204567,-0.80037911177847387,0.078477858060802957
0.25895797683762889,-0.036993996691089714,2.9947991687487692,-0.80107493143572484,0.071024298675587558
0.33294597021980854,-0.036993996691089714,2.9613809324574309,-0.80170134106866897,0.063564585311382538
0.40693396360198819,-0.036993996691089714,2.9317105181618248,-0.80225828640135011,0.056099364323310315
0.48092195698416784,-0.036993996691089714,2.9061260140334753,-0.80274571917662352,0.048629282543708505
0.55490995036634749,-0.036993996691089714,2.8849723451853495,-0.80316359716033647,0.041154987226083434
0.62889794374852714,-0.036993996691089714,2.8686294331597271,-0.80351188414498864,0.033677125989026988
0.70288593713070679,-0.036993996691089714,2.8575298899856412,-0.80379054995286836,0.026196346760105169
0.77687393051288645,-0.036993996691089714,2.8521729988145035,-0.80399957043866854,0.01871329771971662
0.85086192389506632,-0.036993996691089714,2.8531349214145876,-0.80413892749157767,0.011228627244929236
0.92484991727724575,-0.036993996691089714,2.861071216374679,-0.80420860903684954,0.0037429838533029722
-0.92484991727724575,0.036993996691089936,2.861071216374679,-0.80420860903684954,-0.0037429838533027749
-0.8508619238950661,0.036993996691089936,2.8531349214142869,-0.80413892749157767,-0.01122862724492904
-0.77687393051288645,0.036993996691089936,2.8521729988145035,-0.80399957043866854,-0.018713297719716065
-0.70288593713070679,0.036993996691089936,2.8575298899858166,-0.80379054995286836,-0.026196346760104971
-0.62889794374852714,0.036993996691089936,2.8686294331597382,-0.80351188414498864,-0.033677125989026793
-0.55490995036634749,0.036993996691089936,2.8849723451855542,-0.80316359716033647,-0.041154987226082879
-0.48092195698416773,0.036993996691089936,2.9061260140335459,-0.80274571917662352,-0.04862928254370831
-0.40693396360198808,0.036993996691089936,2.9317105181618635,-0.80225828640135011,-0.056099364323310114
-0.33294597021980843,0.036993996691089936,2.9613809324571525,-0.80170134106866897,-0.063564585311381983
-0.25895797683762878,0.036993996691089936,2.9947991687487518,-0.80107493143572484,-0.07102429867558735
-0.18496998345544913,0.036993996691089936,3.0315638845200845,-0.80037911177847387,-0.078477858060802749
-0.11098199007326948,0.036993996691089936,3.0709121630465974,-0.79961394238698069,-0.085924617645123047
-0.036993996691089714,0.036993996691089936,3.1090324113515329,-0.79877948956019429,-0.093363932195820412
0.036993996691089936,0.036993996691089936,3.1090324113513552,-0.79787582560020376,-0.10079515712524881
0.11098199007326959,0.036993996691089936,3.0709121630468972,-0.79690302880597308,-0.10821764854669784
0.18496998345544924,0.036993996691089936,3.0315638845202719,-0.79586118346655788,-0.11563076333018042
0.25895797683762889,0.036993996691089936,2.9947991687486843,-0.79475037985380081,-0.12303385915815875
0.33294597021980854,0.036993996691089936,2.961380932457347,-0.79357071421451064,-0.13042629458119948
0.40693396360198819,0.036993996691089936,2.931710518161835,-0.79232228876212263,-0.13780742907355087
0.48092195698416784,0.036993996691089936,2.9061260140335547,-0.79100521166784254,-0.14517662308864282
0.55490995036634749,0.036993996691089936,2.8849723451855542,-0.78961959705127316,-0.15253323811450206
0.62889794374852714,0.036993996691089936,2.8686294331597382,-0.78816556497052681,-0.1598766367290749
0.70288593713070679,0.036993996691089936,2.8575298899858166,-0.78664324141182318,-0.16720618265545806
0.77687393051288645,0.036993996691089936,2.8521729988145035,-0.78505275827857213,-0.17452124081703091
0.85086192389506632,0.036993996691089936,2.8531349214145876,-0.78339425337994573,-0.1818211773924798
0.92484991727724575,0.036993996691089936,2.861071216374679,-0.78166787041893704,-0.18910535987071908
-0.92484991727724575,0.11098199007326959,2.862025582146178,-0.77987375897990896,-0.19637315710569322
-0.8508619238950661,0.11098199007326959,2.8535365594982651,-0.77801207451563337,-0.20362393937106429
-0.77687393051288645,0.11098199007326959,2.8519833709424818,-0.77608297833382178,-0.21085707841477616
-0.70288593713070679,0.11098199007326959,2.8566906871927888,-0.77408663758314855,-0.2180719475134883
-0.62889794374852714,0.11098199007326959,2.8670530434555919,-0.77202322523876832,-0.22526792152687958
-0.55490995036634749,0.11098199007326959,2.8825276608074537,-0.76989292008732779,-0.23244437695181577
-0.48092195698416773,0.11098199007326959,2.9026146626809473,-0.76769590671147547,-0.23960069197637102
-0.40693396360198808,0.11098199007326959,2.9268234702667009,-0.76543237547386778,-0.24673624653370699
-0.33294597021980843,0.11098199007326959,2.9546124391595425,-0.76310252250067434,-0.25385042235579991
-0.25895797683762878,0.11098199007326959,2.9852589410497745,-0.76070654966458595,-0.26094260302700889
-0.18496998345544913,0.11098199007326959,3.0175191365161425,-0.75824466456732109,-0.26801217403748856
-0.11098199007326948,0.11098199007326959,3.0485778679569084,-0.75571708052163977,-0.27505852283643167
-0.036993996691089714,0.11098199007326959,3.0709121630465335,-0.75312401653285999,-0.28208103888514507
0.036993996691089936,0.11098199007326959,3.0709121630464846,-0.75046569727988166,-0.28907911370995187
0.11098199007326959,0.11098199007326959,3.0485778679569715,-0.74774235309571968,-0.29605214095491084
0.18496998345544924,0.11098199007326959,3.0175191365160003,-0.74495421994754585,-0.30299951643435619
0.25895797683762889,0.11098199007326959,2.9852589410495596,-0.74210153941624346,-0.30992063818524879
0.33294597021980854,0.11098199007326959,2.9546124391593929,-0.7391845586754755,-0.31681490651933164
0.40693396360198819,0.11098199007326959,2.9268234702664762,-0.73620353047026765,-0.32368172407509205
0.48092195698416784,0.11098199007326959,2.9026146626812039,-0.73315871309510883,-0.33052049586952126
0.55490995036634749,0.11098199007326959,2.8825276608074537,-0.73005037037157172,-0.33733062934966523
0.62889794374852714,0.11098199007326959,2.8670530434555919,-0.72687877162545256,-0.34411153444396975
0.70288593713070679,0.11098199007326959,2.8566906871927888,-0.7236441916634363,-0.35086262361340548
0.77687393051288645,0.11098199007326959,2.8519833709424818,-0.7203469107492847,-0.35758331190237669
0.85086192389506632,0.11098199007326959,2.8535365594981621,-0.71698721457955272,-0.36427301698940695
0.92484991727724575,0.11098199007326959,2.862025582146178,-0.71356539425883481,-0.37093115923759229
-0.92484991727724575,0.18496998345544924,2.8640623799228848,-0.7100817462745409,-0.37755716174482618
-0.8508619238950661,0.18496998345544924,2.8544867500630287,-0.70653657247120727,-0.38415045039378626
-0.77687393051288645,0.18496998345544924,2.8517776739748593,-0.70293018002434293,-0.39071045390167786
-0.70288593713070679,0.18496998345544924,2.8552251393754831,-0.69926288141381443,-0.39723660386973408
-0.62889794374852714,0.18496998345544924,2.864173081903767,-0.69553499439676958,-0.40372833483246634
-0.55490995036634749,0.18496998345544924,2.878006107704929,-0.69174684198010616,-0.41018508430665829
-0.48092195698416773,0.18496998345544924,2.8961177394804944,-0.68789875239248455,-0.41660629284010287
-0.40693396360198808,0.18496998345544924,2.917855078266006,-0.68399105905588686,-0.42299140406007851
-0.33294597021980843,0.18496998345544924,2.9424205159429766,-0.68002410055672879,-0.429339864721554
-0.25895797683762878,0.18496998345544924,2.968683020320027,-0.67599822061652104,-0.43565112475512752
-0.18496998345544913,0.18496998345544924,2.9947991687489184,-0.67191376806208825,-0.4419246373146859
-0.11098199007326948,0.18496998345544924,3.0175191365163569,-0.66777109679534408,-0.4481598588247877
-0.036993996691089714,0.18496998345544924,3.0315638845205193,-0.6635705657626263,-0.45435624902776273
0.036993996691089936,0.18496998345544924,3.0315638845204678,-0.65931253892359709,-0.46051327103052153
0.11098199007326959,0.18496998345544924,3.0175191365160643,-0.65499738521970607,-0.46663039135107598
0.18496998345544924,0.18496998345544924,2.9947991687486861,-0.65062547854222286,-0.47270707996476413
0.25895797683762889,0.18496998345544924,2.9686830203201442,-0.64619719769984174,-0.47874281035017319
0.33294597021980854,0.18496998345544924,2.9424205159428265,-0.64171292638585931,-0.48473705953476159
0.40693396360198819,0.18496998345544924,2.9178550782655845,-0.63717305314492767,-0.49068930814017286
0.48092195698416784,0.18496998345544924,2.8961177394803381,-0.63257797133939009,-0.49659904042723657
0.55490995036634749,0.18496998345544924,2.878006107704929,-0.62792807911519666,-0.50246574434065627
0.62889794374852714,0.18496998345544924,2.864173081903767,-0.62322377936740703,-0.50828891155337619
0.70288593713070679,0.18496998345544924,2.8552251393754831,-0.61846547970528143,-0.51406803751062602
0.77687393051288645,0.18496998345544924,2.8517776739748593,-0.61365359241696138,-0.51980262147363987
0.85086192389506632,0.18496998345544924,2.8544867500626303,-0.6087885344337487,-0.52549216656304076
0.92484991727724575,0.18496998345544924,2.8640623799228848,-0.6038707272939785,-0.53113617980189576
-0.92484991727724575,0.25895797683762889,2.8674314977868751,-0.59890059710649457,-0.53673417215842945
-0.8508619238950661,0.25895797683762889,2.8562701142935585,-0.59387857451372961,-0.5422856585883965
-0.77687393051288645,0.25895797683762889,2.8518885765351349,-0.58880509465439124,-0.54779015807710862
-0.70288593713070679,0.25895797683762889,2.8535352742835038,-0.58368059712575837,-0.5532471936811143
-0.62889794374852714,0.25895797683762889,2.8604946758027361,-0.57850552594559324,-0.55865629256952154
-0.55490995036634749,0.25895797683762889,2.8720704661549212,-0.57328032951366703,-0.56401698606496919
-0.48092195698416773,0.25895797683762889,2.8875471195052458,-0.56800546057290968,-0.56932880968423427
-0.40693396360198808,0.25895797683762889,2.9061260140333824,-0.56268137617018055,-0.5745913031784784
-0.33294597021980843,0.25895797683762889,2.926823470266664,-0.55730853761666665,-0.57980401057312692
-0.25895797683762878,0.25895797683762889,2.9483102455992598,-0.55188741044791301,-0.58496648020737652
-0.18496998345544913,0.25895797683762889,2.9686830203202752,-0.54641846438348496,-0.59007826477333025
-0.11098199007326948,0.25895797683762889,2.9852589410492527,-0.54090217328626866,-0.59513892135475532
-0.036993996691089714,0.25895797683762889,2.9947991687489068,-0.53533901512141346,-0.60014801146545949
0.036993996691089936,0.25895797683762889,2.9947991687487199,-0.52972947191491782,-0.60510510108728432
0.11098199007326959,0.25895797683762889,2.9852589410493704,-0.52407402971186268,-0.61000976070771185
0.18496998345544924,0.25895797683762889,2.9686830203202681,-0.51837317853429954,-0.61486156535707903
0.25895797683762889,0.25895797683762889,2.9483102455990675,-0.51262741233878906,-0.61966009464540106
0.33294597021980854,0.25895797683762889,2.9268234702668288,-0.50683722897360584,-0.62440493279879439
0.40693396360198819,0.25895797683762889,2.9061260140334699,-0.50100313013559683,-0.62909566869550482
0.48092195698416784,0.25895797683762889,2.8875471195051872,-0.49512562132671539,-0.63373189590152745
0.55490995036634749,0.25895797683762889,2.8720704661549212,-0.4892052118102182,-0.63831321270582353
0.62889794374852714,0.25895797683762889,2.8604946758027361,-0.48324241456654377,-0.64283922215512557
0.70288593713070679,0.25895797683762889,2.8535352742835038,-0.47723774624886001,-0.64730953208833486
0.77687393051288645,0.25895797683762889,2.8518885765351349,-0.47119172713830054,-0.6517237551704983
0.85086192389506632,0.25895797683762889,2.8562701142936189,-0.46510488109888593,-0.65608150892636918
0.92484991727724575,0.25895797683762889,2.8674314977868751,-0.45897773553212945,-0.66038241577354928
-0.92484991727724575,0.33294597021980854,2.8724932673221448,-0.45281082133134154,-0.66462610305520364
-0.8508619238950661,0.33294597021980854,2.8592927537333672,-0.44660467283563166,-0.66881220307234879
-0.77687393051288645,0.33294597021980854,2.8527831282475229,-0.44035982778360661,-0.67294035311571465
-0.70288593713070679,0.33294597021980854,2.8521729988140931,-0.43407682726677876,-0.67701019549717079
-0.62889794374852714,0.33294597021980854,2.8566906871928404,-0.42775621568268529,-0.68102137758071757
-0.55490995036634749,0.33294597021980854,2.8655685529445241,-0.42139854068771371,-0.68497355181304309
-0.48092195698416773,0.33294597021980854,2.8780061077049135,-0.41500435314965201,-0.68886637575363574
-0.40693396360198808,0.33294597021980854,2.8931126024711933,-0.40857420709995967,-0.69269951210445468
-0.33294597021980843,0.33294597021980854,2.9098275976940906,-0.40210865968575937,-0.69647262873915761
-0.25895797683762878,0.33294597021980854,2.9268234702663256,-0.39560827112156421,-0.7001853987318768
-0.18496998345544913,0.33294597021980854,2.942420515943148,-0.3890736046407392,-0.70383750038554505
-0.11098199007326948,0.33294597021980854,2.9546124391594111,-0.38250522644669549,-0.70742861725977169
-0.036993996691089714,0.33294597021980854,2.9613809324576699,-0.37590370566383302,-0.71095843819825977
0.036993996691089936,0.33294597021980854,2.9613809324573874,-0.36926961428822969,-0.71442665735576549
0.11098199007326959,0.33294597021980854,2.9546124391596642,-0.36260352713807686,-0.71783297422460068
0.18496998345544924,0.33294597021980854,2.9424205159432573,-0.35590602180387565,-0.72117709366066907
0.25895797683762889,0.33294597021980854,2.9268234702662541,-0.34917767859838994,-0.72445872590904015
0.33294597021980854,0.33294597021980854,2.9098275976941368,-0.34241908050636699,-0.72767758662905402
0.40693396360198819,0.33294597021980854,2.8931126024712652,-0.33563081313402038,-0.73083339691896032
0.48092195698416784,0.33294597021980854,2.8780061077048353,-0.32881346465829114,-0.73392588334008291
0.55490995036634749,0.33294597021980854,2.8655685529445241,-0.32196762577588689,-0.73695477794051167
0.62889794374852714,0.33294597021980854,2.8566906871928404,-0.31509388965209589,-0.73991981827832065
0.70288593713070679,0.33294597021980854,2.8521729988140931,-0.30819285186939394,-0.74282074744430782
0.77687393051288645,0.33294597021980854,2.8527831282475229,-0.30126511037584114,-0.74565731408425318
0.85086192389506632,0.33294597021980854,2.8592927537339543,-0.2943112654332683,-0.74842927242070012
0.92484991727724575,0.33294597021980854,2.8724932673221448,-0.28733191956526838,-0.75113638227425017
-0.92484991727724575,0.40693396360198819,2.8797036421155071,-0.28032767750499238,-0.75377840908437233
-0.8508619238950661,0.40693396360198819,2.8640623799227951,-0.27329914614274725,-0.75635512392972892
-0.77687393051288645,0.40693396360198819,2.8550340526053009,-0.26624693447341358,-0.75886630354800977
-0.70288593713070679,0.40693396360198819,2.8517968967674987,-0.25917165354368038,-0.76131173035527622
-0.62889794374852714,0.40693396360198819,2.8535352742831566,-0.25207391639909615,-0.76369119246481543
-0.55490995036634749,0.40693396360198819,2.8594299647163419,-0.24495433803095296,-0.76600448370549901
-0.48092195698416773,0.40693396360198819,2.8686294331595015,-0.23781353532300206,-0.7682514036396455
-0.40693396360198808,0.40693396360198819,2.8802073347338739,-0.230652126997999,-0.77043175758039029
-0.33294597021980843,0.40693396360198819,2.893112602471013,-0.22347073356409589,-0.77254535660855228
-0.25895797683762878,0.40693396360198819,2.9061260140330765,-0.21626997726107858,-0.77459201758900331
-0.18496998345544913,0.40693396360198819,2.9178550782658457,-0.20905048200644835,-0.77657156318653719
-0.11098199007326948,0.40693396360198819,2.9268234702668079,-0.20181287334136422,-0.77848382188123399
-0.036993996691089714,0.40693396360198819,2.9317105181618106,-0.19455777837644109,-0.78032862798332214
0.036993996691089936,0.40693396360198819,2.9317105181613461,-0.1872858257374157,-0.78210582164753428
0.11098199007326959,0.40693396360198819,2.9268234702665152,-0.17999764551067457,-0.78381524888695797
0.18496998345544924,0.40693396360198819,2.9178550782660997,-0.1726938691886615,-0.78545676158637767
0.25895797683762889,0.40693396360198819,2.9061260140336693,-0.16537512961516337,-0.78703021751510804
0.33294597021980854,0.40693396360198819,2.8931126024712408,-0.15804206093047243,-0.78853548033931808
0.40693396360198819,0.40693396360198819,2.8802073347336994,-0.15069529851644262,-0.78997241963384435
0.48092195698416784,0.40693396360198819,2.8686294331597786,-0.14333547894143828,-0.79134091089349012
0.55490995036634749,0.40693396360198819,2.8594299647163419,-0.13596323990517392,-0.79264083554381581
0.62889794374852714,0.40693396360198819,2.8535352742831566,-0.12857922018346196,-0.7938720809514106
0.70288593713070679,0.40693396360198819,2.8517968967674987,-0.12118405957286743,-0.79503454043365307
0.77687393051288645,0.40693396360198819,2.8550340526053009,-0.11377839883526797,-0.79612811326795452
0.85086192389506632,0.40693396360198819,2.8640623799223968,-0.1063628796423363,-0.79715270470048594
0.92484991727724575,0.40693396360198819,2.8797036421155071,-0.098938144519944066,-0.79810822595438835
-0.92484991727724575,0.48092195698416784,2.8895973970158111,-0.091504836792485167,-0.79899459423746477
-0.8508619238950661,0.48092195698416784,2.8711679074942698,-0.084063600527136378,-0.79981173274935424
-0.77687393051288645,0.48092195698416784,2.8592927537333321,-0.076615080478053557,-0.8005595706881854
-0.70288593713070679,0.48092195698416784,2.8531349214144406,-0.069159922030501905,-0.80123804325671233
-0.62889794374852714,0.48092195698416784,2.8518519316530084,-0.061698771144938068,-0.80184709166792822
-0.55490995036634749,0.48092195698416784,2.8545955523666597,-0.054232274301042167,-0.80238666315015905
-0.48092195698416773,0.48092195698416784,2.8604946758030798,-0.046761078441698745,-0.80285671095163647
-0.40693396360198808,0.48092195698416784,2.8686294331594819,-0.03928583091694441,-0.80325719434454834
-0.33294597021980843,0.48092195698416784,2.8780061077051413,-0.031807179427876094,-0.80358807862856774
-0.25895797683762878,0.48092195698416784,2.8875471195048283,-0.024325771970533129,-0.80384933513385948
-0.18496998345544913,0.48092195698416784,2.8961177394807196,-0.016842256779746642,-0.8040409412235644
-0.11098199007326948,0.48092195698416784,2.9026146626813865,-0.0093572822729746461,-0.80416288029576077
-0.036993996691089714,0.48092195698416784,2.9061260140333269,-0.0018714969941213471,-0.80421514178490272
0.036993996691089936,0.48092195698416784,2.9061260140332541,0.0056144504426609478,-0.80419772116273569
0.11098199007326959,0.48092195698416784,2.9026146626812981,0.013099911409169577,-0.80411061993868871
0.18496998345544924,0.48092195698416784,2.8961177394805819,0.020584237319350492,-0.8039538456597437
0.25895797683762889,0.48092195698416784,2.8875471195054909,0.028066779685500001,-0.8037274119097817
0.33294597021980854,0.48092195698416784,2.8780061077047936,0.035546890174451548,-0.80343133830840563
0.40693396360198819,0.48092195698416784,2.8686294331593869,0.043023920663749153,-0.80306565050924061
0.48092195698416784,0.48092195698416784,2.8604946758028476,0.050497223297808924,-0.8026303801977106
0.55490995036634749,0.48092195698416784,2.8545955523666597,0.057966150544051138,-0.80212556508829391
0.62889794374852714,0.48092195698416784,2.8518519316530084,0.065430055249004249,-0.80155124892125429
0.70288593713070679,0.48092195698416784,2.8531349214144406,0.072888290694382477,-0.80090748145885216
0.77687393051288645,0.48092195698416784,2.8592927537333321,0.080340210653119359,-0.80019431848103162
0.85086192389506632,0.48092195698416784,2.8711679074941148,0.087785169445358607,-0.79941182178058878
0.92484991727724575,0.48092195698416784,2.8895973970158111,0.095222521994404008,-0.79856005915781658
-0.92484991727724575,0.55490995036634749,2.9027698505268371,0.10265162388261076,-0.79763910441463015
-0.8508619238950661,0.55490995036634749,2.8812601257266324,0.11007183140721957,-0.79664903734817305
-0.77687393051288645,0.55490995036634749,2.8662671387582002,0.11748250163613524,-0.79558994374390235
-0.70288593713070679,0.55490995036634749,2.8569577519597824,0.1248829924636321,-0.7944619153681558
-0.62889794374852714,0.55490995036634749,2.8524818673447867,0.13227266266598792,-0.79326504996020097
-0.55490995036634749,0.55490995036634749,2.8519833709422646,0.13965087195704753,-0.79199945122376614
-0.48092195698416773,0.55490995036634749,2.8545955523668334,0.14701698104369854,-0.7906652288180549
-0.40693396360198808,0.55490995036634749,2.8594299647169032,0.15437035168126473,-0.78926249834824469
-0.33294597021980843,0.55490995036634749,2.8655685529443473,0.16171034672880491,-0.78779138135547033
-0.25895797683762878,0.55490995036634749,2.8720704661553573,0.16903633020432277,-0.78625200530629202
-0.18496998345544913,0.55490995036634749,2.8780061077049268,0.17634766733987009,-0.78464450358165183
-0.11098199007326948,0.55490995036634749,2.8825276608075625,0.18364372463654502,-0.7829690154653165
-0.036993996691089714,0.55490995036634749,2.884972345185457,0.19092386991938629,-0.78122568613180887
0.036993996691089936,0.55490995036634749,2.8849723451850955,0.19818747239214665,-0.77941466663382875
0.11098199007326959,0.55490995036634749,2.8825276608074408,0.20543390269194695,-0.77753611388916588
0.18496998345544924,0.55490995036634749,2.8780061077051213,0.21266253294381196,-0.77559019066710255
0.25895797683762889,0.55490995036634749,2.8720704661548866,0.21987273681507144,-0.77357706557431027
0.33294597021980854,0.55490995036634749,2.8655685529445596,0.22706388956962706,-0.77149691304024193
0.40693396360198819,0.55490995036634749,2.8594299647167007,0.23423536812208781,-0.76934991330201652
0.48092195698416784,0.55490995036634749,2.8545955523665887,0.24138655109175558,-0.76713625238880323
0.55490995036634749,0.55490995036634749,2.8519833709422646,0.24851681885646354,-0.76485612210570297
0.62889794374852714,0.55490995036634749,2.8524818673447867,0.25562555360626793,-0.76250972001712825
0.70288593713070679,0.55490995036634749,2.8569577519597824,0.26271213939697691,-0.7600972494296856
0.77687393051288645,0.55490995036634749,2.8662671387582002,0.26977596220351779,-0.75761891937456027
0.85086192389506632,0.55490995036634749,2.8812601257263752,0.27681640997314372,-0.7550749445894035
0.92484991727724575,0.55490995036634749,2.9027698505268371,0.28383287267846385,-0.75246554549972666
-0.92484991727724575,0.62889794374852714,2.9198562738123806,0.29082474237029787,-0.74979094819980341
-0.8508619238950661,0.62889794374852714,2.8950329701967314,0.29779141323035624,-0.74705138443307739
-0.77687393051288645,0.62889794374852714,2.8767041138329859,0.30473228162372945,-0.74424709157208424
-0.70288593713070679,0.62889794374852714,2.8640623799224243,0.31164674615119192,-0.74137831259788334
-0.62889794374852714,0.62889794374852714,2.8562701142935256,0.31853420770130847,-0.73844529607900533
-0.55490995036634749,0.62889794374852714,2.8524818673450931,0.3253940695023485,-0.73544829614991369
-0.48092195698416773,0.62889794374852714,2.8518519316525914,0.33222573717399234,-0.73238757248898456
-0.40693396360198808,0.62889794374852714,2.8535352742831885,0.33902861877882995,-0.72926339029600895
-0.33294597021980843,0.62889794374852714,2.8566906871929034,0.34580212487365386,-0.72607602026921136
-0.25895797683762878,0.62889794374852714,2.8604946758033254,0.3525456685605301,-0.72282573858179622
-0.18496998345544913,0.62889794374852714,2.8641730819041831,0.35925866553764885,-0.71951282685801921
-0.11098199007326948,0.62889794374852714,2.8670530434555461,0.36594053414995575,-0.71613757214878437
-0.036993996691089714,0.62889794374852714,2.8686294331598909,0.37259069543954793,-0.71270026690677224
0.036993996691089936,0.62889794374852714,2.8686294331598421,0.37920857319583678,-0.7092012089611015
0.11098199007326959,0.62889794374852714,2.8670530434554728,0.38579359400547808,-0.70564070149152158
0.18496998345544924,0.62889794374852714,2.8641730819038891,0.3923451873020542,-0.70201905300214351
0.25895797683762889,0.62889794374852714,2.8604946758032321,0.39886278541550924,-0.69833657729471088
0.33294597021980854,0.62889794374852714,2.8566906871924775,0.40534582362133981,-0.69459359344140803
0.40693396360198819,0.62889794374852714,2.8535352742828737,0.41179374018952358,-0.69079042575721428
0.48092195698416784,0.62889794374852714,2.8518519316531528,0.41820597643318991,-0.68692740377180506
0.55490995036634749,0.62889794374852714,2.8524818673450931,0.42458197675703119,-0.68300486220099643
0.62889794374852714,0.62889794374852714,2.8562701142935256,0.43092118870544077,-0.67902314091774529
0.70288593713070679,0.62889794374852714,2.8640623799224243,0.43722306301038022,-0.67498258492270113
0.77687393051288645,0.62889794374852714,2.8767041138329859,0.44348705363897417,-0.67088354431431085
0.85086192389506632,0.62889794374852714,2.895032970196791,0.44971261784081962,-0.66672637425848635
0.92484991727724575,0.62889794374852714,2.9198562738123806,0.45589921619501461,-0.66251143495782894
-0.92484991727724575,0.70288593713070679,2.9415069652417989,0.46204631265689439,-0.65823909162042149
-0.8508619238950661,0.70288593713070679,2.9132029048499897,0.46815337460448109,-0.65390971442818213
-0.77687393051288645,0.70288593713070679,2.8913737333392731,0.47421987288463163,-0.6495236785047902
-0.70288593713070679,0.70288593713070679,2.8752617096219426,0.48024528185888526,-0.64508136388318493
-0.62889794374852714,0.70288593713070679,2.8640623799228444,0.48622907944901128,-0.64058315547263456
-0.55490995036634749,0.70288593713070679,2.8569577519598401,0.49217074718224318,-0.636029443025386
-0.48092195698416773,0.70288593713070679,2.8531349214147452,0.49806977023620114,-0.63142062110289687
-0.40693396360198808,0.70288593713070679,2.8517968967673055,0.5039256374835025,-0.62675708904164451
-0.33294597021980843,0.70288593713070679,2.8521729988144044,0.50973784153604684,-0.62203925091852708
-0.25895797683762878,0.70288593713070679,2.8535352742828417,0.51550587878897847,-0.61726751551585268
-0.18496998345544913,0.70288593713070679,2.8552251393756878,0.52122924946432425,-0.61244229628591751
-0.11098199007326948,0.70288593713070679,2.8566906871930495,0.52690745765429625,-0.60756401131518334
-0.036993996691089714,0.70288593713070679,2.8575298899856407,0.53254001136425844,-0.60263308328805332
0.036993996691089936,0.70288593713070679,2.8575298899854622,0.53812642255535903,-0.59764993945024492
0.11098199007326959,0.70288593713070679,2.8566906871930309,0.54366620718681669,-0.59261501157177221
0.18496998345544924,0.70288593713070679,2.8552251393752659,0.54915888525785739,-0.58752873590953636
0.25895797683762889,0.70288593713070679,2.8535352742833302,0.55460398084930951,-0.58239155316952274
0.33294597021980854,0.70288593713070679,2.8521729988142059,0.5600010221648376,-0.57720390846861691
0.40693396360198819,0.70288593713070679,2.8517968967678837,0.56534954157182082,-0.57196625129603795
0.48092195698416784,0.70288593713070679,2.8531349214144845,0.57064907564187428,-0.5666790354743898
0.55490995036634749,0.70288593713070679,2.8569577519598401,0.57589916519100148,-0.56134271912034084
0.62889794374852714,0.70288593713070679,2.8640623799228444,0.58109935531938139,-0.55595776460492896
0.70288593713070679,0.70288593713070679,2.8752617096219426,0.58624919545078225,-0.55052463851350086
0.77687393051288645,0.70288593713070679,2.8913737333392731,0.59134823937160497,-0.54504381160528126
0.85086192389506632,0.70288593713070679,2.9132029048496397,0.59639604526954448,-0.53951575877258473
0.92484991727724575,0.70288593713070679,2.9415069652417989,0.60139217577186899,-0.53394095899967042
-0.92484991727724575,0.77687393051288645,2.968355580717585,0.60633619798332072,-0.52831989532123591
-0.8508619238950661,0.77687393051288645,2.9364826376136475,0.61122768352362189,-0.52265305478056601
-0.77687393051288645,0.77687393051288645,2.9110499984223877,0.61606620856459171,-0.51694092838733452
-0.70288593713070679,0.77687393051288645,2.8913737333394685,0.62085135386687162,-0.51118401107505596
-0.62889794374852714,0.77687393051288645,2.8767041138332177,0.62558270481624967,-0.50538280165820382
-0.55490995036634749,0.77687393051288645,2.8662671387582428,0.63025985145958396,-0.49953780278899168
-0.48092195698416773,0.77687393051288645,2.8592927537339281,0.63488238854032586,-0.49364952091381697
-0.40693396360198808,0.77687393051288645,2.8550340526053666,0.63944991553363284,-0.48771846622938131
-0.33294597021980843,0.77687393051288645,2.8527831282478533,0.64396203668107099,-0.48174515263848511
-0.25895797683762878,0.77687393051288645,2.8518885765352513,0.64841836102490857,-0.47573009770549696
-0.18496998345544913,0.77687393051288645,2.8517776739748157,0.65281850244198958,-0.46967382261151031
-0.11098199007326948,0.77687393051288645,2.8519833709423805,0.65716207967718865,-0.46357685210918664
-0.036993996691089714,0.77687393051288645,2.8521729988145248,0.66144871637644786,-0.4574397144772846
0.036993996691089936,0.77687393051288645,2.8521729988145523,0.66567804111938522,-0.45126294147488821
0.11098199007326959,0.77687393051288645,2.8519833709421887,0.66984968745147511,-0.44504706829533375
0.18496998345544924,0.77687393051288645,2.8517776739747522,0.67396329391580312,-0.43879263351983377
0.25895797683762889,0.77687393051288645,2.8518885765351434,0.6780185040843828,-0.43250017907081378
0.33294597021980854,0.77687393051288645,2.8527831282474518,0.68201496658904026,-0.4261702501649553
0.40693396360198819,0.77687393051288645,2.8550340526057538,0.68595233515185627,-0.41980339526595756
0.48092195698416784,0.77687393051288645,2.8592927537337429,0.68983026861517305,-0.41340016603701124
0.55490995036634749,0.77687393051288645,2.8662671387582428,0.69364843097115281,-0.4069611172930015
0.62889794374852714,0.77687393051288645,2.8767041138332177,0.69740649139089039,-0.4004868069524366
0.70288593713070679,0.77687393051288645,2.8913737333394685,0.70110412425308055,-0.3939777959891031
0.77687393051288645,0.77687393051288645,2.9110499984223877,0.70474100917223059,-0.38743464838346142
0.85086192389506632,0.77687393051288645,2.9364826376132616,0.70831683102641951,-0.38085793107378108
0.92484991727724575,0.77687393051288645,2.968355580717585,0.71183127998460438,-0.3742482139070139
-0.92484991727724575,0.85086192389506632,3.0009793828236124,0.71528405153346475,-0.36760606958942071
-0.8508619238950661,0.85086192389506632,2.9655455317455943,0.71867484650378655,-0.36093207363695079
-0.77687393051288645,0.85086192389506632,2.9364826376133824,0.72200337109638568,-0.35422680432537157
-0.70288593713070679,0.85086192389506632,2.9132029048498955,0.72526933690756445,-0.34749084264016528
-0.62889794374852714,0.85086192389506632,2.8950329701965298,0.72847246095409857,-0.34072477222619096
-0.55490995036634749,0.85086192389506632,2.8812601257265591,0.73161246569775917,-0.33392917933710964
-0.48092195698416773,0.85086192389506632,2.8711679074940086,0.73468907906935932,-0.32710465278458994
-0.40693396360198808,0.85086192389506632,2.8640623799222786,0.73770203449232652,-0.32025178388729181
-0.33294597021980843,0.85086192389506632,2.8592927537338437,0.74065107090580296,-0.31337116641962698
-0.25895797683762878,0.85086192389506632,2.8562701142930385,0.74353593278726393,-0.30646339656031291
-0.18496998345544913,0.85086192389506632,2.8544867500628701,0.74635637017465739,-0.29952907284071789
-0.11098199007326948,0.85086192389506632,2.8535365594982345,0.74911213868806359,-0.29256879609299713
-0.036993996691089714,0.85086192389506632,2.853134921414489,0.75180299955086882,-0.28558316939803502
0.036993996691089936,0.85086192389506632,2.8531349214146053,0.75442871961045466,-0.27857279803318968
0.11098199007326959,0.85086192389506632,2.8535365594981204,0.75698907135839921,-0.27153828941985064
0.18496998345544924,0.85086192389506632,2.8544867500628808,0.75948383295019106,-0.26448025307080392
0.25895797683762889,0.85086192389506632,2.8562701142934994,0.7619127882244503,-0.25739930053742233
0.33294597021980854,0.85086192389506632,2.859292753733981,0.76427572672165756,-0.25029604535667876
0.40693396360198819,0.85086192389506632,2.8640623799229696,0.76657244370239086,-0.24317110299798175
0.48092195698416784,0.85086192389506632,2.8711679074944705,0.76880274016506511,-0.23602509080984932
0.55490995036634749,0.85086192389506632,2.8812601257265591,0.77096642286317363,-0.22885862796642023
0.62889794374852714,0.85086192389506632,2.8950329701965298,0.77306330432203396,-0.22167233541380088
0.70288593713070679,0.85086192389506632,2.9132029048498955,0.77509320285503058,-0.21446683581626477
0.77687393051288645,0.85086192389506632,2.9364826376133824,0.77705594257935762,-0.2072427535023032
0.85086192389506632,0.85086192389506632,2.9655455317457333,0.77895135343125876,-0.20000071441052528
0.92484991727724575,0.85086192389506632,3.0009793828236124,0.78077927118076262,-0.19274134603542517
-0.92484991727724575,0.92484991727724575,3.0398529945837938,0.78253953744591165,-0.18546527737301396
-0.8508619238950661,0.92484991727724575,3.0009793828235214,0.78423199970648672,-0.17817313886631558
-0.77687393051288645,0.92484991727724575,2.9683555807176569,0.78585651131722167,-0.17086556235074341
-0.70288593713070679,0.92484991727724575,2.941506965241989,0.78741293152050917,-0.16354318099935625
-0.62889794374852714,0.92484991727724575,2.9198562738125466,0.78890112545859781,-0.15620662926799223
-0.55490995036634749,0.92484991727724575,2.9027698505261696,0.79032096418527642,-0.14885654284029773
-0.48092195698416773,0.92484991727724575,2.8895973970156281,0.79167232467704618,-0.14149355857265003
-0.40693396360198808,0.92484991727724575,2.8797036421155173,0.79295508984378138,-0.13411831443897179
-0.33294597021980843,0.92484991727724575,2.8724932673223673,0.79416914853887399,-0.12673144947545623
-0.25895797683762878,0.92484991727724575,2.8674314977866744,0.79531439556886452,-0.11933360372519537
-0.18496998345544913,0.92484991727724575,2.8640623799227138,0.79639073170255581,-0.11192541818272583
-0.11098199007326948,0.92484991727724575,2.8620255821463059,0.79739806367961208,-0.10450753473848488
-0.036993996691089714,0.92484991727724575,2.8610712163742522,0.7983363042186391,-0.097080596123195181
0.036993996691089936,0.92484991727724575,2.8610712163747531,0.79920537202474629,-0.089645245852176869
0.11098199007326959,0.92484991727724575,2.862025582146281,0.80000519179659169,-0.082202128169585165
0.18496998345544924,0.92484991727724575,2.8640623799226121,0.80073569423290569,-0.074751887992591262
0.25895797683762889,0.92484991727724575,2.8674314977868298,0.80139681603849577,-0.067295170855504904
0.33294597021980854,0.92484991727724575,2.8724932673225281,0.80198849992973142,-0.059832622853837093
0.40693396360198819,0.92484991727724575,2.8797036421155031,0.80251069463950664,-0.052364890588320494
0.48092195698416784,0.92484991727724575,2.8895973970154571,0.8029633549216828,-0.044892621108886269
0.55490995036634749,0.92484991727724575,2.9027698505261696,0.80334644155500845,-0.03741646185859529
0.62889794374852714,0.92484991727724575,2.9198562738125466,0.80365992134651831,-0.029937060617541981
0.70288593713070679,0.92484991727724575,2.941506965241989,0.80390376713440859,-0.022455065446728768
0.77687393051288645,0.92484991727724575,2.9683555807176569,0.80407795779039115,-0.01497112463190985
0.85086192389506632,0.92484991727724575,3.0009793828233575,0.80418247822152378,-0.0074858866274219067
0.92484991727724575,0.92484991727724575,3.0398529945837938,0.80421731937151808,-1.9697643319743885e-16
