detuning_from_critical_midpoint,epsilon,omega_min,omega_saddle,predicted_separation_2_abs_epsilon_V4,signed_modulation_rate_abs_epsilon_V4,spectrum,spectrum_normalized,spectrum_omega
-0.1420159865905104,0.080000000000000002,2.8672528051455437,2.8694669837126066,0.0022502125078472167,0.0011251062539236083,1.0711106012483785e-06,0.01480395524786087,2.7263439078385647
-0.14151830854637737,0.080000000000000002,2.8672528051455437,2.8694669837126066,0.0022502125078472167,0.0011251062539236083,1.0696696426254721e-06,0.014784039576274142,2.7268415858826978
-0.14102063050224434,0.080000000000000002,2.8672528051455437,2.8694669837126066,0.0022502125078472167,0.0011251062539236083,1.0682738176409454e-06,0.014764747702418448,2.7273392639268308
-0.14052295245811131,0.080000000000000002,2.8672528051455437,2.8694669837126066,0.0022502125078472167,0.0011251062539236083,1.0669228423325612e-06,0.014746075701615754,2.7278369419709638
-0.14002527441397827,0.080000000000000002,2.8672528051455437,2.8694669837126066,0.0022502125078472167,0.0011251062539236083,1.0656164427083727e-06,0.014728019786988667,2.7283346200150969
-0.13952759636984524,0.080000000000000002,2.8672528051455437,2.8694669837126066,0.0022502125078472167,0.0011251062539236083,1.0643543545958503e-06,0.014710576307375205,2.7288322980592299
-0.13902991832571221,0.080000000000000002,2.8672528051455437,2.8694669837126066,0.0022502125078472167,0.0011251062539236083,1.0631363235224649e-06,0.014693741745678323,2.7293299761033629
-0.13853224028157918,0.080000000000000002,2.8672528051455437,2.8694669837126066,0.0022502125078472167,0.0011251062539236083,1.0619621045763925e-06,0.014677512716940686,2.729827654147496
-0.1380345622374457,0.080000000000000002,2.8672528051455437,2.8694669837126066,0.0022502125078472167,0.0011251062539236083,1.0608314622922394e-06,0.014661885966765275,2.7303253321916294
-0.13753688419331267,0.080000000000000002,2.8672528051455437,2.8694669837126066,0.0022502125078472167,0.0011251062539236083,1.0597441705276843e-06,0.014646858369610433,2.7308230102357625
-0.13703920614917964,0.080000000000000002,2.8672528051455437,2.8694669837126066,0.0022502125078472167,0.0011251062539236083,1.0587000123565026e-06,0.014632426927311341,2.7313206882798955
-0.13654152810504661,0.080000000000000002,2.8672528051455437,2.8694669837126066,0.0022502125078472167,0.0011251062539236083,1.0576987799624325e-06,0.014618588767613129,2.7318183663240285
-0.13604385006091357,0.080000000000000002,2.8672528051455437,2.8694669837126066,0.0022502125078472167,0.0011251062539236083,1.0567402745309304e-06,0.014605341142674817,2.7323160443681616
-0.13554617201678054,0.080000000000000002,2.8672528051455437,2.8694669837126066,0.0022502125078472167,0.0011251062539236083,1.0558243061560097e-06,0.014592681427781718,2.7328137224122946
-0.13504849397264751,0.080000000000000002,2.8672528051455437,2.8694669837126066,0.0022502125078472167,0.0011251062539236083,1.0549506937490084e-06,0.0145806071200845,2.7333114004564276
-0.13455081592851448,0.080000000000000002,2.8672528051455437,2.8694669837126066,0.0022502125078472167,0.0011251062539236083,1.054119264945837e-06,0.014569115837317263,2.7338090785005607
-0.13405313788438145,0.080000000000000002,2.8672528051455437,2.8694669837126066,0.0022502125078472167,0.0011251062539236083,1.0533298560277747e-06,0.01455820531670283,2.7343067565446937
-0.13355545984024841,0.080000000000000002,2.8672528051455437,2.8694669837126066,0.0022502125078472167,0.0011251062539236083,1.0525823118382981e-06,0.01454787341380325,2.7348044345888267
-0.13305778179611538,0.080000000000000002,2.8672528051455437,2.8694669837126066,0.0022502125078472167,0.0011251062539236083,1.0518764857100065e-06,0.014538118101509803,2.7353021126329597
-0.13256010375198235,0.080000000000000002,2.8672528051455437,2.8694669837126066,0.0022502125078472167,0.0011251062539236083,1.0512122393962899e-06,0.014528937469098587,2.7357997906770928
-0.13206242570784932,0.080000000000000002,2.8672528051455437,2.8694669837126066,0.0022502125078472167,0.0011251062539236083,1.0505894429976333e-06,0.014520329721211958,2.7362974687212258
-0.13156474766371629,0.080000000000000002,2.8672528051455437,2.8694669837126066,0.0022502125078472167,0.0011251062539236083,1.0500079749098866e-06,0.014512293177143561,2.7367951467653588
-0.13106706961958325,0.080000000000000002,2.8672528051455437,2.8694669837126066,0.0022502125078472167,0.0011251062539236083,1.049467721756901e-06,0.014504826269907284,2.7372928248094919
-0.13056939157545022,0.080000000000000002,2.8672528051455437,2.8694669837126066,0.0022502125078472167,0.0011251062539236083,1.0489685783423175e-06,0.014497927545570931,2.7377905028536249
-0.13007171353131719,0.080000000000000002,2.8672528051455437,2.8694669837126066,0.0022502125078472167,0.0011251062539236083,1.0485104475943055e-06,0.014491595662492437,2.7382881808977579
-0.12957403548718416,0.080000000000000002,2.8672528051455437,2.8694669837126066,0.0022502125078472167,0.0011251062539236083,1.0480932405241806e-06,0.014485829390747931,2.738785858941891
-0.12907635744305113,0.080000000000000002,2.8672528051455437,2.8694669837126066,0.0022502125078472167,0.0011251062539236083,1.0477168761893883e-06,0.014480627611620113,2.739283536986024
-0.12857867939891809,0.080000000000000002,2.8672528051455437,2.8694669837126066,0.0022502125078472167,0.0011251062539236083,1.0473812816245387e-06,0.014475989316645095,2.739781215030157
-0.12808100135478506,0.080000000000000002,2.8672528051455437,2.8694669837126066,0.0022502125078472167,0.0011251062539236083,1.0470863918637561e-06,0.014471913607921282,2.7402788930742901
-0.12758332331065203,0.080000000000000002,2.8672528051455437,2.8694669837126066,0.0022502125078472167,0.0011251062539236083,1.0468321498494685e-06,0.014468399696848745,2.7407765711184231
-0.127085645266519,0.080000000000000002,2.8672528051455437,2.8694669837126066,0.0022502125078472167,0.0011251062539236083,1.0466185064444103e-06,0.014465446904295113,2.7412742491625561
-0.12658796722238597,0.080000000000000002,2.8672528051455437,2.8694669837126066,0.0022502125078472167,0.0011251062539236083,1.046445420385564e-06,0.014463054659958997,2.7417719272066892
-0.12609028917825293,0.080000000000000002,2.8672528051455437,2.8694669837126066,0.0022502125078472167,0.0011251062539236083,1.046312858299865e-06,0.014461222502587048,2.7422696052508222
-0.1255926111341199,0.080000000000000002,2.8672528051455437,2.8694669837126066,0.0022502125078472167,0.0011251062539236083,1.0462207946429606e-06,0.014459950079127528,2.7427672832949552
-0.12509493308998687,0.080000000000000002,2.8672528051455437,2.8694669837126066,0.0022502125078472167,0.0011251062539236083,1.046169211713756e-06,0.014459237144931369,2.7432649613390883
-0.12459725504585384,0.080000000000000002,2.8672528051455437,2.8694669837126066,0.0022502125078472167,0.0011251062539236083,1.0461580996397212e-06,0.014459083563549083,2.7437626393832213
-0.12409957700172081,0.080000000000000002,2.8672528051455437,2.8694669837126066,0.0022502125078472167,0.0011251062539236083,1.0461874563791773e-06,0.014459489306762366,2.7442603174273543
-0.12360189895758777,0.080000000000000002,2.8672528051455437,2.8694669837126066,0.0022502125078472167,0.0011251062539236083,1.0462572877159751e-06,0.014460454454510552,2.7447579954714874
-0.12310422091345474,0.080000000000000002,2.8672528051455437,2.8694669837126066,0.0022502125078472167,0.0011251062539236083,1.0463676072523067e-06,0.014461979194791261,2.7452556735156204
-0.12260654286932171,0.080000000000000002,2.8672528051455437,2.8694669837126066,0.0022502125078472167,0.0011251062539236083,1.0465184364301672e-06,0.014464063823957022,2.7457533515597534
-0.12210886482518868,0.080000000000000002,2.8672528051455437,2.8694669837126066,0.0022502125078472167,0.0011251062539236083,1.0467098045293135e-06,0.014466708746687063,2.7462510296038865
-0.12161118678105565,0.080000000000000002,2.8672528051455437,2.8694669837126066,0.0022502125078472167,0.0011251062539236083,1.0469417487029221e-06,0.01446991447648014,2.7467487076480195
-0.12111350873692261,0.080000000000000002,2.8672528051455437,2.8694669837126066,0.0022502125078472167,0.0011251062539236083,1.0472143139568197e-06,0.014473681635367485,2.7472463856921525
-0.12061583069278958,0.080000000000000002,2.8672528051455437,2.8694669837126066,0.0022502125078472167,0.0011251062539236083,1.0475275532158753e-06,0.014478010954830412,2.7477440637362855
-0.12011815264865655,0.080000000000000002,2.8672528051455437,2.8694669837126066,0.0022502125078472167,0.0011251062539236083,1.047881527314336e-06,0.014482903275666755,2.7482417417804186
-0.11962047460452352,0.080000000000000002,2.8672528051455437,2.8694669837126066,0.0022502125078472167,0.0011251062539236083,1.0482763050369331e-06,0.014488359548558993,2.7487394198245516
-0.11912279656039049,0.080000000000000002,2.8672528051455437,2.8694669837126066,0.0022502125078472167,0.0011251062539236083,1.0487119631555162e-06,0.014494380834580579,2.7492370978686846
-0.11862511851625746,0.080000000000000002,2.8672528051455437,2.8694669837126066,0.0022502125078472167,0.0011251062539236083,1.0491885864635764e-06,0.014500968305673096,2.7497347759128177
-0.11812744047212442,0.080000000000000002,2.8672528051455437,2.8694669837126066,0.0022502125078472167,0.0011251062539236083,1.0497062678116465e-06,0.01450812324513551,2.7502324539569507
-0.11762976242799139,0.080000000000000002,2.8672528051455437,2.8694669837126066,0.0022502125078472167,0.0011251062539236083,1.0502651081516767e-06,0.014515847048237508,2.7507301320010837
-0.11713208438385836,0.080000000000000002,2.8672528051455437,2.8694669837126066,0.0022502125078472167,0.0011251062539236083,1.050865216598263e-06,0.01452414122306574,2.7512278100452168
-0.11663440633972533,0.080000000000000002,2.8672528051455437,2.8694669837126066,0.0022502125078472167,0.0011251062539236083,1.0515067104615963e-06,0.01453300739097921,2.7517254880893498
-0.1161367282955923,0.080000000000000002,2.8672528051455437,2.8694669837126066,0.0022502125078472167,0.0011251062539236083,1.0521897153176864e-06,0.014542447287579844,2.7522231661334828
-0.11563905025145926,0.080000000000000002,2.8672528051455437,2.8694669837126066,0.0022502125078472167,0.0011251062539236083,1.0529143650628075e-06,0.014552462763465009,2.7527208441776159
-0.11514137220732623,0.080000000000000002,2.8672528051455437,2.8694669837126066,0.0022502125078472167,0.0011251062539236083,1.0536808019797352e-06,0.014563055785142958,2.7532185222217489
-0.1146436941631932,0.080000000000000002,2.8672528051455437,2.8694669837126066,0.0022502125078472167,0.0011251062539236083,1.0544891768059751e-06,0.014574228435975846,2.7537162002658819
-0.11414601611906017,0.080000000000000002,2.8672528051455437,2.8694669837126066,0.0022502125078472167,0.0011251062539236083,1.0553396488073309e-06,0.014585982917196512,2.754213878310015
-0.11364833807492714,0.080000000000000002,2.8672528051455437,2.8694669837126066,0.0022502125078472167,0.0011251062539236083,1.0562323858504357e-06,0.014598321548910947,2.754711556354148
-0.1131506600307941,0.080000000000000002,2.8672528051455437,2.8694669837126066,0.0022502125078472167,0.0011251062539236083,1.0571675644934319e-06,0.014611246771351595,2.755209234398281
-0.11265298198666107,0.080000000000000002,2.8672528051455437,2.8694669837126066,0.0022502125078472167,0.0011251062539236083,1.0581453700652803e-06,0.014624761145973489,2.7557069124424141
-0.11215530394252804,0.080000000000000002,2.8672528051455437,2.8694669837126066,0.0022502125078472167,0.0011251062539236083,1.0591659967553305e-06,0.014638867356692219,2.7562045904865471
-0.11165762589839501,0.080000000000000002,2.8672528051455437,2.8694669837126066,0.0022502125078472167,0.0011251062539236083,1.0602296477108122e-06,0.01465356821123137,2.7567022685306801
-0.11115994785426198,0.080000000000000002,2.8672528051455437,2.8694669837126066,0.0022502125078472167,0.0011251062539236083,1.0613365351401977e-06,0.014668866642551109,2.7571999465748132
-0.11066226981012894,0.080000000000000002,2.8672528051455437,2.8694669837126066,0.0022502125078472167,0.0011251062539236083,1.06248688041589e-06,0.01468476571026745,2.7576976246189462
-0.11016459176599591,0.080000000000000002,2.8672528051455437,2.8694669837126066,0.0022502125078472167,0.0011251062539236083,1.0636809141759873e-06,0.014701268602058748,2.7581953026630792
-0.10966691372186288,0.080000000000000002,2.8672528051455437,2.8694669837126066,0.0022502125078472167,0.0011251062539236083,1.0649188764527586e-06,0.014718378635441391,2.7586929807072123
-0.10916923567772985,0.080000000000000002,2.8672528051455437,2.8694669837126066,0.0022502125078472167,0.0011251062539236083,1.0662010167791557e-06,0.014736099259241901,2.7591906587513453
-0.10867155763359682,0.080000000000000002,2.8672528051455437,2.8694669837126066,0.0022502125078472167,0.0011251062539236083,1.0675275943275014e-06,0.014754434055513767,2.7596883367954783
-0.10817387958946378,0.080000000000000002,2.8672528051455437,2.8694669837126066,0.0022502125078472167,0.0011251062539236083,1.0688988780246091e-06,0.014773386741128535,2.7601860148396113
-0.10767620154533075,0.080000000000000002,2.8672528051455437,2.8694669837126066,0.0022502125078472167,0.0011251062539236083,1.070315146699609e-06,0.014792961169818914,2.7606836928837444
-0.10717852350119772,0.080000000000000002,2.8672528051455437,2.8694669837126066,0.0022502125078472167,0.0011251062539236083,1.0717766892192345e-06,0.014813161334048605,2.7611813709278774
-0.10668084545706469,0.080000000000000002,2.8672528051455437,2.8694669837126066,0.0022502125078472167,0.0011251062539236083,1.0732838046355732e-06,0.014833991367054381,2.7616790489720104
-0.10618316741293166,0.080000000000000002,2.8672528051455437,2.8694669837126066,0.0022502125078472167,0.0011251062539236083,1.0748368023441012e-06,0.01485545554503029,2.7621767270161435
-0.10568548936879862,0.080000000000000002,2.8672528051455437,2.8694669837126066,0.0022502125078472167,0.0011251062539236083,1.0764360022346274e-06,0.01487755828921389,2.7626744050602765
-0.10518781132466559,0.080000000000000002,2.8672528051455437,2.8694669837126066,0.0022502125078472167,0.0011251062539236083,1.0780817348630888e-06,0.014900304168260639,2.7631720831044095
-0.10469013328053256,0.080000000000000002,2.8672528051455437,2.8694669837126066,0.0022502125078472167,0.0011251062539236083,1.0797743416197619e-06,0.014923697900568781,2.7636697611485426
-0.10419245523639953,0.080000000000000002,2.8672528051455437,2.8694669837126066,0.0022502125078472167,0.0011251062539236083,1.0815141749097738e-06,0.014947744356774196,2.7641674391926756
-0.1036947771922665,0.080000000000000002,2.8672528051455437,2.8694669837126066,0.0022502125078472167,0.0011251062539236083,1.0833015983320231e-06,0.014972448562223302,2.7646651172368086
-0.10319709914813346,0.080000000000000002,2.8672528051455437,2.8694669837126066,0.0022502125078472167,0.0011251062539236083,1.085136986881109e-06,0.014997815699763941,2.7651627952809417
-0.10269942110400043,0.080000000000000002,2.8672528051455437,2.8694669837126066,0.0022502125078472167,0.0011251062539236083,1.0870207271338012e-06,0.015023851112322595,2.7656604733250747
-0.1022017430598674,0.080000000000000002,2.8672528051455437,2.8694669837126066,0.0022502125078472167,0.0011251062539236083,1.088953217466642e-06,0.015050560305911899,2.7661581513692077
-0.10170406501573437,0.080000000000000002,2.8672528051455437,2.8694669837126066,0.0022502125078472167,0.0011251062539236083,1.0909348682610353e-06,0.015077948952465201,2.7666558294133408
-0.10120638697160134,0.080000000000000002,2.8672528051455437,2.8694669837126066,0.0022502125078472167,0.0011251062539236083,1.0929661021313933e-06,0.015106022892989804,2.7671535074574738
-0.1007087089274683,0.080000000000000002,2.8672528051455437,2.8694669837126066,0.0022502125078472167,0.0011251062539236083,1.0950473541421117e-06,0.015134788140565812,2.7676511855016068
-0.10021103088333527,0.080000000000000002,2.8672528051455437,2.8694669837126066,0.0022502125078472167,0.0011251062539236083,1.0971790720655539e-06,0.015164250883911757,2.7681488635457399
-0.099713352839202241,0.080000000000000002,2.8672528051455437,2.8694669837126066,0.0022502125078472167,0.0011251062539236083,1.0993617166017568e-06,0.015194417490421183,2.7686465415898729
-0.099215674795069209,0.080000000000000002,2.8672528051455437,2.8694669837126066,0.0022502125078472167,0.0011251062539236083,1.1015957616572238e-06,0.015225294510015884,2.7691442196340059
-0.098717996750936177,0.080000000000000002,2.8672528051455437,2.8694669837126066,0.0022502125078472167,0.0011251062539236083,1.1038816945917787e-06,0.015256888678557696,2.769641897678139
-0.098220318706803145,0.080000000000000002,2.8672528051455437,2.8694669837126066,0.0022502125078472167,0.0011251062539236083,1.1062200164960804e-06,0.015289206921684064,2.770139575722272
-0.097722640662670113,0.080000000000000002,2.8672528051455437,2.8694669837126066,0.0022502125078472167,0.0011251062539236083,1.1086112424811456e-06,0.015322256358809575,2.770637253766405
-0.097224962618537081,0.080000000000000002,2.8672528051455437,2.8694669837126066,0.0022502125078472167,0.0011251062539236083,1.1110559019552495e-06,0.015356044306953039,2.771134931810538
-0.096727284574404049,0.080000000000000002,2.8672528051455437,2.8694669837126066,0.0022502125078472167,0.0011251062539236083,1.1135545389412695e-06,0.015390578285123526,2.7716326098546711
-0.096229606530271017,0.080000000000000002,2.8672528051455437,2.8694669837126066,0.0022502125078472167,0.0011251062539236083,1.1161077123888889e-06,0.01542586601863539,2.7721302878988041
-0.095731928486137985,0.080000000000000002,2.8672528051455437,2.8694669837126066,0.0022502125078472167,0.0011251062539236083,1.1187159964657749e-06,0.015461915443132659,2.7726279659429371
-0.095234250442004953,0.080000000000000002,2.8672528051455437,2.8694669837126066,0.0022502125078472167,0.0011251062539236083,1.1213799809460761e-06,0.015498734709958521,2.7731256439870702
-0.094736572397871921,0.080000000000000002,2.8672528051455437,2.8694669837126066,0.0022502125078472167,0.0011251062539236083,1.1241002715230024e-06,0.015536332190475528,2.7736233220312032
-0.094238894353738889,0.080000000000000002,2.8672528051455437,2.8694669837126066,0.0022502125078472167,0.0011251062539236083,1.1268774901707458e-06,0.015574716481067742,2.7741210000753362
-0.093741216309605857,0.080000000000000002,2.8672528051455437,2.8694669837126066,0.0022502125078472167,0.0011251062539236083,1.1297122754942803e-06,0.015613896407975369,2.7746186781194693
-0.093243538265472825,0.080000000000000002,2.8672528051455437,2.8694669837126066,0.0022502125078472167,0.0011251062539236083,1.1326052831959977e-06,0.015653881033744196,2.7751163561636023
-0.092745860221339793,0.080000000000000002,2.8672528051455437,2.8694669837126066,0.0022502125078472167,0.0011251062539236083,1.1355571863451152e-06,0.015694679660949104,2.7756140342077353
-0.092248182177206761,0.080000000000000002,2.8672528051455437,2.8694669837126066,0.0022502125078472167,0.0011251062539236083,1.1385686759050528e-06,0.015736301839483005,2.7761117122518684
-0.091750504133073729,0.080000000000000002,2.8672528051455437,2.8694669837126066,0.0022502125078472167,0.0011251062539236083,1.1416404610810426e-06,0.015778757371361224,2.7766093902960014
-0.091252826088940697,0.080000000000000002,2.8672528051455437,2.8694669837126066,0.0022502125078472167,0.0011251062539236083,1.1447732698148467e-06,0.015822056317559018,2.7771070683401344
-0.090755148044807665,0.080000000000000002,2.8672528051455437,2.8694669837126066,0.0022502125078472167,0.0011251062539236083,1.1479678491853401e-06,0.015866209003548126,2.7776047463842675
-0.090257470000674633,0.080000000000000002,2.8672528051455437,2.8694669837126066,0.0022502125078472167,0.0011251062539236083,1.1512249659313868e-06,0.015911226026523471,2.7781024244284005
-0.089759791956541601,0.080000000000000002,2.8672528051455437,2.8694669837126066,0.0022502125078472167,0.0011251062539236083,1.1545454069051734e-06,0.015957118261668759,2.7786001024725335
-0.089262113912408569,0.080000000000000002,2.8672528051455437,2.8694669837126066,0.0022502125078472167,0.0011251062539236083,1.1579299795867156e-06,0.01600389686926753,2.7790977805166666
-0.088764435868275537,0.080000000000000002,2.8672528051455437,2.8694669837126066,0.0022502125078472167,0.0011251062539236083,1.1613795126095774e-06,0.016051573301969203,2.7795954585607996
-0.088266757824142061,0.080000000000000002,2.8672528051455437,2.8694669837126066,0.0022502125078472167,0.0011251062539236083,1.1648948562983507e-06,0.016100159312217626,2.7800931366049331
-0.087769079780009029,0.080000000000000002,2.8672528051455437,2.8694669837126066,0.0022502125078472167,0.0011251062539236083,1.1684768832303862e-06,0.016149666960014859,2.7805908146490661
-0.087271401735875997,0.080000000000000002,2.8672528051455437,2.8694669837126066,0.0022502125078472167,0.0011251062539236083,1.172126488811619e-06,0.016200108620879707,2.7810884926931991
-0.086773723691742966,0.080000000000000002,2.8672528051455437,2.8694669837126066,0.0022502125078472167,0.0011251062539236083,1.1758445918856175e-06,0.016251496994265476,2.7815861707373322
-0.086276045647609934,0.080000000000000002,2.8672528051455437,2.8694669837126066,0.0022502125078472167,0.0011251062539236083,1.1796321353383921e-06,0.01630384511191911,2.7820838487814652
-0.085778367603476902,0.080000000000000002,2.8672528051455437,2.8694669837126066,0.0022502125078472167,0.0011251062539236083,1.1834900867635549e-06,0.016357166347074438,2.7825815268255982
-0.08528068955934387,0.080000000000000002,2.8672528051455437,2.8694669837126066,0.0022502125078472167,0.0011251062539236083,1.187419439117119e-06,0.016411474423502253,2.7830792048697313
-0.084783011515210838,0.080000000000000002,2.8672528051455437,2.8694669837126066,0.0022502125078472167,0.0011251062539236083,1.1914212114054964e-06,0.016466783425019203,2.7835768829138643
-0.084285333471077806,0.080000000000000002,2.8672528051455437,2.8694669837126066,0.0022502125078472167,0.0011251062539236083,1.1954964494089504e-06,0.016523107805486732,2.7840745609579973
-0.083787655426944774,0.080000000000000002,2.8672528051455437,2.8694669837126066,0.0022502125078472167,0.0011251062539236083,1.199646226426273e-06,0.016580462399103341,2.7845722390021304
-0.083289977382811742,0.080000000000000002,2.8672528051455437,2.8694669837126066,0.0022502125078472167,0.0011251062539236083,1.2038716440358073e-06,0.016638862430922805,2.7850699170462634
-0.08279229933867871,0.080000000000000002,2.8672528051455437,2.8694669837126066,0.0022502125078472167,0.0011251062539236083,1.2081738328976712e-06,0.016698323527941778,2.7855675950903964
-0.082294621294545678,0.080000000000000002,2.8672528051455437,2.8694669837126066,0.0022502125078472167,0.0011251062539236083,1.2125539535787509e-06,0.016758861730502145,2.7860652731345295
-0.081796943250412646,0.080000000000000002,2.8672528051455437,2.8694669837126066,0.0022502125078472167,0.0011251062539236083,1.217013197415892e-06,0.016820493504221309,2.7865629511786625
-0.081299265206279614,0.080000000000000002,2.8672528051455437,2.8694669837126066,0.0022502125078472167,0.0011251062539236083,1.2215527873980339e-06,0.016883235752184256,2.7870606292227955
-0.080801587162146582,0.080000000000000002,2.8672528051455437,2.8694669837126066,0.0022502125078472167,0.0011251062539236083,1.2261739790905865e-06,0.016947105827719501,2.7875583072669285
-0.08030390911801355,0.080000000000000002,2.8672528051455437,2.8694669837126066,0.0022502125078472167,0.0011251062539236083,1.2308780615960326e-06,0.017012121547675688,2.7880559853110616
-0.079806231073880518,0.080000000000000002,2.8672528051455437,2.8694669837126066,0.0022502125078472167,0.0011251062539236083,1.2356663585471653e-06,0.017078301206149258,2.7885536633551946
-0.079308553029747486,0.080000000000000002,2.8672528051455437,2.8694669837126066,0.0022502125078472167,0.0011251062539236083,1.2405402291309286e-06,0.017145663588635066,2.7890513413993276
-0.078810874985614454,0.080000000000000002,2.8672528051455437,2.8694669837126066,0.0022502125078472167,0.0011251062539236083,1.2455010691679812e-06,0.017214227986947182,2.7895490194434607
-0.078313196941481422,0.080000000000000002,2.8672528051455437,2.8694669837126066,0.0022502125078472167,0.0011251062539236083,1.2505503122202708e-06,0.017284014214526806,2.7900466974875937
-0.07781551889734839,0.080000000000000002,2.8672528051455437,2.8694669837126066,0.0022502125078472167,0.0011251062539236083,1.2556894307437513e-06,0.017355042622374126,2.7905443755317267
-0.077317840853215358,0.080000000000000002,2.8672528051455437,2.8694669837126066,0.0022502125078472167,0.0011251062539236083,1.2609199372913555e-06,0.01742733411567475,2.7910420535758598
-0.076820162809082326,0.080000000000000002,2.8672528051455437,2.8694669837126066,0.0022502125078472167,0.0011251062539236083,1.2662433857539438e-06,0.017500910170951022,2.7915397316199928
-0.076322484764949294,0.080000000000000002,2.8672528051455437,2.8694669837126066,0.0022502125078472167,0.0011251062539236083,1.2716613726557362e-06,0.017575792853966342,2.7920374096641258
-0.075824806720816262,0.080000000000000002,2.8672528051455437,2.8694669837126066,0.0022502125078472167,0.0011251062539236083,1.2771755385060999e-06,0.017652004838408401,2.7925350877082589
-0.07532712867668323,0.080000000000000002,2.8672528051455437,2.8694669837126066,0.0022502125078472167,0.0011251062539236083,1.2827875691852259e-06,0.017729569425040795,2.7930327657523919
-0.074829450632550198,0.080000000000000002,2.8672528051455437,2.8694669837126066,0.0022502125078472167,0.0011251062539236083,1.2884991974103906e-06,0.017808510561968399,2.7935304437965249
-0.074331772588417167,0.080000000000000002,2.8672528051455437,2.8694669837126066,0.0022502125078472167,0.0011251062539236083,1.2943122042380815e-06,0.017888852865398455,2.794028121840658
-0.073834094544284135,0.080000000000000002,2.8672528051455437,2.8694669837126066,0.0022502125078472167,0.0011251062539236083,1.3002284206508229e-06,0.017970621641572274,2.794525799884791
-0.073336416500151103,0.080000000000000002,2.8672528051455437,2.8694669837126066,0.0022502125078472167,0.0011251062539236083,1.3062497291828797e-06,0.018053842909234306,2.795023477928924
-0.072838738456018071,0.080000000000000002,2.8672528051455437,2.8694669837126066,0.0022502125078472167,0.0011251062539236083,1.3123780656281231e-06,0.018138543423236762,2.7955211559730571
-0.072341060411885039,0.080000000000000002,2.8672528051455437,2.8694669837126066,0.0022502125078472167,0.0011251062539236083,1.3186154208159252e-06,0.018224750699084483,2.7960188340171901
-0.071843382367752007,0.080000000000000002,2.8672528051455437,2.8694669837126066,0.0022502125078472167,0.0011251062539236083,1.3249638424584927e-06,0.018312493038467159,2.7965165120613231
-0.071345704323618975,0.080000000000000002,2.8672528051455437,2.8694669837126066,0.0022502125078472167,0.0011251062539236083,1.3314254370776368e-06,0.018401799555889487,2.7970141901054562
-0.070848026279485943,0.080000000000000002,2.8672528051455437,2.8694669837126066,0.0022502125078472167,0.0011251062539236083,1.3380023719973535e-06,0.018492700206210848,2.7975118681495892
-0.070350348235352911,0.080000000000000002,2.8672528051455437,2.8694669837126066,0.0022502125078472167,0.0011251062539236083,1.3446968774565421e-06,0.018585225813845467,2.7980095461937222
-0.069852670191219879,0.080000000000000002,2.8672528051455437,2.8694669837126066,0.0022502125078472167,0.0011251062539236083,1.3515112487544601e-06,0.018679408102415022,2.7985072242378553
-0.069354992147086847,0.080000000000000002,2.8672528051455437,2.8694669837126066,0.0022502125078472167,0.0011251062539236083,1.3584478485601443e-06,0.018775279726667444,2.7990049022819883
-0.068857314102953815,0.080000000000000002,2.8672528051455437,2.8694669837126066,0.0022502125078472167,0.0011251062539236083,1.365509109250395e-06,0.018872874304790482,2.7995025803261213
-0.068359636058820783,0.080000000000000002,2.8672528051455437,2.8694669837126066,0.0022502125078472167,0.0011251062539236083,1.3726975354007529e-06,0.018972226452839826,2.8000002583702543
-0.067861958014687751,0.080000000000000002,2.8672528051455437,2.8694669837126066,0.0022502125078472167,0.0011251062539236083,1.3800157063453058e-06,0.01907337182011851,2.8004979364143874
-0.067364279970554719,0.080000000000000002,2.8672528051455437,2.8694669837126066,0.0022502125078472167,0.0011251062539236083,1.3874662788949785e-06,0.019176347126746734,2.8009956144585204
-0.066866601926421687,0.080000000000000002,2.8672528051455437,2.8694669837126066,0.0022502125078472167,0.0011251062539236083,1.3950519901254025e-06,0.019281190202193387,2.8014932925026534
-0.066368923882288655,0.080000000000000002,2.8672528051455437,2.8694669837126066,0.0022502125078472167,0.0011251062539236083,1.4027756603220404e-06,0.019387940025980956,2.8019909705467865
-0.065871245838155623,0.080000000000000002,2.8672528051455437,2.8694669837126066,0.0022502125078472167,0.0011251062539236083,1.4106401960558599e-06,0.019496636770194836,2.8024886485909195
-0.065373567794022591,0.080000000000000002,2.8672528051455437,2.8694669837126066,0.0022502125078472167,0.0011251062539236083,1.4186485933870825e-06,0.019607321843762709,2.8029863266350525
-0.064875889749889559,0.080000000000000002,2.8672528051455437,2.8694669837126066,0.0022502125078472167,0.0011251062539236083,1.4268039411974216e-06,0.01972003793850987,2.8034840046791856
-0.064378211705756527,0.080000000000000002,2.8672528051455437,2.8694669837126066,0.0022502125078472167,0.0011251062539236083,1.4351094247332916e-06,0.019834829078130337,2.8039816827233186
-0.063880533661623495,0.080000000000000002,2.8672528051455437,2.8694669837126066,0.0022502125078472167,0.0011251062539236083,1.4435683292382892e-06,0.019951740668391851,2.8044793607674516
-0.063382855617490463,0.080000000000000002,2.8672528051455437,2.8694669837126066,0.0022502125078472167,0.0011251062539236083,1.4521840438379217e-06,0.02007081955082719,2.8049770388115847
-0.062885177573357431,0.080000000000000002,2.8672528051455437,2.8694669837126066,0.0022502125078472167,0.0011251062539236083,1.4609600654989261e-06,0.020192114057456426,2.8054747168557177
-0.062387499529224399,0.080000000000000002,2.8672528051455437,2.8694669837126066,0.0022502125078472167,0.0011251062539236083,1.4699000032863787e-06,0.020315674069624971,2.8059723948998507
-0.061889821485091367,0.080000000000000002,2.8672528051455437,2.8694669837126066,0.0022502125078472167,0.0011251062539236083,1.4790075827445478e-06,0.020441551078551903,2.8064700729439838
-0.061392143440958336,0.080000000000000002,2.8672528051455437,2.8694669837126066,0.0022502125078472167,0.0011251062539236083,1.4882866505619569e-06,0.020569798249806384,2.8069677509881168
-0.060894465396825304,0.080000000000000002,2.8672528051455437,2.8694669837126066,0.0022502125078472167,0.0011251062539236083,1.4977411793554189e-06,0.020700470489428413,2.8074654290322498
-0.060396787352692272,0.080000000000000002,2.8672528051455437,2.8694669837126066,0.0022502125078472167,0.0011251062539236083,1.5073752727794552e-06,0.020833624514546751,2.8079631070763829
-0.05989910930855924,0.080000000000000002,2.8672528051455437,2.8694669837126066,0.0022502125078472167,0.0011251062539236083,1.5171931708710822e-06,0.020969318927249889,2.8084607851205159
-0.059401431264426208,0.080000000000000002,2.8672528051455437,2.8694669837126066,0.0022502125078472167,0.0011251062539236083,1.5271992556495367e-06,0.021107614291980568,2.8089584631646489
-0.058903753220293176,0.080000000000000002,2.8672528051455437,2.8694669837126066,0.0022502125078472167,0.0011251062539236083,1.5373980569343096e-06,0.021248573215947555,2.809456141208782
-0.058406075176160144,0.080000000000000002,2.8672528051455437,2.8694669837126066,0.0022502125078472167,0.0011251062539236083,1.5477942585878245e-06,0.021392260435406495,2.809953819252915
-0.057908397132027112,0.080000000000000002,2.8672528051455437,2.8694669837126066,0.0022502125078472167,0.0011251062539236083,1.5583927049501704e-06,0.021538742904595162,2.810451497297048
-0.05741071908789408,0.080000000000000002,2.8672528051455437,2.8694669837126066,0.0022502125078472167,0.0011251062539236083,1.5691984076756513e-06,0.021688089890222292,2.810949175341181
-0.056913041043761048,0.080000000000000002,2.8672528051455437,2.8694669837126066,0.0022502125078472167,0.0011251062539236083,1.580216552901732e-06,0.021840373070550471,2.8114468533853141
-0.056415362999628016,0.080000000000000002,2.8672528051455437,2.8694669837126066,0.0022502125078472167,0.0011251062539236083,1.5914525087826333e-06,0.021995666639518921,2.8119445314294471
-0.055917684955494984,0.080000000000000002,2.8672528051455437,2.8694669837126066,0.0022502125078472167,0.0011251062539236083,1.6029118334267e-06,0.022154047416446863,2.8124422094735801
-0.055420006911361952,0.080000000000000002,2.8672528051455437,2.8694669837126066,0.0022502125078472167,0.0011251062539236083,1.6146002832647944e-06,0.022315594961694142,2.8129398875177132
-0.05492232886722892,0.080000000000000002,2.8672528051455437,2.8694669837126066,0.0022502125078472167,0.0011251062539236083,1.6265238218543239e-06,0.022480391698342823,2.8134375655618462
-0.054424650823095888,0.080000000000000002,2.8672528051455437,2.8694669837126066,0.0022502125078472167,0.0011251062539236083,1.6386886291518171e-06,0.022648523040354609,2.8139352436059792
-0.053926972778962856,0.080000000000000002,2.8672528051455437,2.8694669837126066,0.0022502125078472167,0.0011251062539236083,1.6511011113087997e-06,0.022820077527960909,2.8144329216501123
-0.053429294734829824,0.080000000000000002,2.8672528051455437,2.8694669837126066,0.0022502125078472167,0.0011251062539236083,1.6637679109923255e-06,0.022995146970304192,2.8149305996942453
-0.052931616690696792,0.080000000000000002,2.8672528051455437,2.8694669837126066,0.0022502125078472167,0.0011251062539236083,1.676695918284152e-06,0.02317382659607688,2.8154282777383783
-0.05243393864656376,0.080000000000000002,2.8672528051455437,2.8694669837126066,0.0022502125078472167,0.0011251062539236083,1.6898922821854939e-06,0.023356215212529993,2.8159259557825114
-0.051936260602430728,0.080000000000000002,2.8672528051455437,2.8694669837126066,0.0022502125078472167,0.0011251062539236083,1.7033644227839277e-06,0.023542415373633482,2.8164236338266444
-0.051438582558297696,0.080000000000000002,2.8672528051455437,2.8694669837126066,0.0022502125078472167,0.0011251062539236083,1.717120044082891e-06,0.02373253355739437,2.8169213118707774
-0.050940904514164664,0.080000000000000002,2.8672528051455437,2.8694669837126066,0.0022502125078472167,0.0011251062539236083,1.7311671476208241e-06,0.023926680354088625,2.8174189899149105
-0.050443226470031632,0.080000000000000002,2.8672528051455437,2.8694669837126066,0.0022502125078472167,0.0011251062539236083,1.7455140468278087e-06,0.024124970664686083,2.8179166679590435
-0.0499455484258986,0.080000000000000002,2.8672528051455437,2.8694669837126066,0.0022502125078472167,0.0011251062539236083,1.7601693822728759e-06,0.024327523911585422,2.8184143460031765
-0.049447870381765568,0.080000000000000002,2.8672528051455437,2.8694669837126066,0.0022502125078472167,0.0011251062539236083,1.7751421377579382e-06,0.024534464261050441,2.8189120240473096
-0.048950192337632537,0.080000000000000002,2.8672528051455437,2.8694669837126066,0.0022502125078472167,0.0011251062539236083,1.7904416574586595e-06,0.024745920860116184,2.8194097020914426
-0.048452514293499505,0.080000000000000002,2.8672528051455437,2.8694669837126066,0.0022502125078472167,0.0011251062539236083,1.8060776640118748e-06,0.024962028086577461,2.8199073801355756
-0.047954836249366473,0.080000000000000002,2.8672528051455437,2.8694669837126066,0.0022502125078472167,0.0011251062539236083,1.8220602777693351e-06,0.025182925815097301,2.8204050581797087
-0.047457158205233441,0.080000000000000002,2.8672528051455437,2.8694669837126066,0.0022502125078472167,0.0011251062539236083,1.8384000372156106e-06,0.025408759699405373,2.8209027362238417
-0.046959480161100409,0.080000000000000002,2.8672528051455437,2.8694669837126066,0.0022502125078472167,0.0011251062539236083,1.8551079206670812e-06,0.025639681472202476,2.8214004142679747
-0.046461802116967377,0.080000000000000002,2.8672528051455437,2.8694669837126066,0.0022502125078472167,0.0011251062539236083,1.8721953693368492e-06,0.025875849263943623,2.8218980923121078
-0.045964124072834345,0.080000000000000002,2.8672528051455437,2.8694669837126066,0.0022502125078472167,0.0011251062539236083,1.8896743118538041e-06,0.026117427941719153,2.8223957703562408
-0.045466446028701313,0.080000000000000002,2.8672528051455437,2.8694669837126066,0.0022502125078472167,0.0011251062539236083,1.9075571903961752e-06,0.026364589470449836,2.8228934484003738
-0.044968767984568281,0.080000000000000002,2.8672528051455437,2.8694669837126066,0.0022502125078472167,0.0011251062539236083,1.9258569884835651e-06,0.026617513297004132,2.8233911264445068
-0.044471089940435249,0.080000000000000002,2.8672528051455437,2.8694669837126066,0.0022502125078472167,0.0011251062539236083,1.9445872606258074e-06,0.026876386759978766,2.8238888044886399
-0.043973411896302217,0.080000000000000002,2.8672528051455437,2.8694669837126066,0.0022502125078472167,0.0011251062539236083,1.9637621639389739e-06,0.027141405526667595,2.8243864825327729
-0.043475733852169185,0.080000000000000002,2.8672528051455437,2.8694669837126066,0.0022502125078472167,0.0011251062539236083,1.9833964918808338e-06,0.027412774059323651,2.8248841605769059
-0.042978055808036153,0.080000000000000002,2.8672528051455437,2.8694669837126066,0.0022502125078472167,0.0011251062539236083,2.0035057102809843e-06,0.027690706113136135,2.825381838621039
-0.042480377763903121,0.080000000000000002,2.8672528051455437,2.8694669837126066,0.0022502125078472167,0.0011251062539236083,2.0241059958652188e-06,0.0279754252686806,2.825879516665172
-0.041982699719770089,0.080000000000000002,2.8672528051455437,2.8694669837126066,0.0022502125078472167,0.0011251062539236083,2.0452142774452199e-06,0.028267165501206896,2.826377194709305
-0.041485021675637057,0.080000000000000002,2.8672528051455437,2.8694669837126066,0.0022502125078472167,0.0011251062539236083,2.0668482800159573e-06,0.028566171790114905,2.8268748727534381
-0.040987343631504025,0.080000000000000002,2.8672528051455437,2.8694669837126066,0.0022502125078472167,0.0011251062539236083,2.089026572000449e-06,0.028872700771930361,2.8273725507975711
-0.040489665587370549,0.080000000000000002,2.8672528051455437,2.8694669837126066,0.0022502125078472167,0.0011251062539236083,2.1117686158997481e-06,0.029187021440344733,2.8278702288417046
-0.039991987543237517,0.080000000000000002,2.8672528051455437,2.8694669837126066,0.0022502125078472167,0.0011251062539236083,2.1350948226299136e-06,0.029509415897213381,2.8283679068858376
-0.039494309499104485,0.080000000000000002,2.8672528051455437,2.8694669837126066,0.0022502125078472167,0.0011251062539236083,2.1590266098979145e-06,0.029840180159376308,2.8288655849299706
-0.038996631454971453,0.080000000000000002,2.8672528051455437,2.8694669837126066,0.0022502125078472167,0.0011251062539236083,2.1835864649294998e-06,0.030179625025628015,2.8293632629741037
-0.038498953410838421,0.080000000000000002,2.8672528051455437,2.8694669837126066,0.0022502125078472167,0.0011251062539236083,2.2087980119651441e-06,0.030528077009587484,2.8298609410182367
-0.038001275366705389,0.080000000000000002,2.8672528051455437,2.8694669837126066,0.0022502125078472167,0.0011251062539236083,2.2346860849144744e-06,0.030885879343864234,2.8303586190623697
-0.037503597322572357,0.080000000000000002,2.8672528051455437,2.8694669837126066,0.0022502125078472167,0.0011251062539236083,2.2612768056901022e-06,0.031253393062720125,2.8308562971065028
-0.037005919278439325,0.080000000000000002,2.8672528051455437,2.8694669837126066,0.0022502125078472167,0.0011251062539236083,2.2885976686981762e-06,0.031630998169823975,2.8313539751506358
-0.036508241234306293,0.080000000000000002,2.8672528051455437,2.8694669837126066,0.0022502125078472167,0.0011251062539236083,2.3166776320750242e-06,0.032019094899244767,2.8318516531947688
-0.036010563190173261,0.080000000000000002,2.8672528051455437,2.8694669837126066,0.0022502125078472167,0.0011251062539236083,2.3455472163165468e-06,0.032418105078620953,2.8323493312389019
-0.03551288514604023,0.080000000000000002,2.8672528051455437,2.8694669837126066,0.0022502125078472167,0.0011251062539236083,2.3752386110022473e-06,0.032828473604206813,2.8328470092830349
-0.035015207101907198,0.080000000000000002,2.8672528051455437,2.8694669837126066,0.0022502125078472167,0.0011251062539236083,2.4057857903558121e-06,0.033250670038049865,2.8333446873271679
-0.034517529057774166,0.080000000000000002,2.8672528051455437,2.8694669837126066,0.0022502125078472167,0.0011251062539236083,2.4372246386470145e-06,0.033685190341186444,2.833842365371301
-0.034019851013641134,0.080000000000000002,2.8672528051455437,2.8694669837126066,0.0022502125078472167,0.0011251062539236083,2.469593086231706e-06,0.034132558753867649,2.834340043415434
-0.033522172969508102,0.080000000000000002,2.8672528051455437,2.8694669837126066,0.0022502125078472167,0.0011251062539236083,2.5029312574427255e-06,0.03459332983957835,2.834837721459567
-0.03302449492537507,0.080000000000000002,2.8672528051455437,2.8694669837126066,0.0022502125078472167,0.0011251062539236083,2.5372816315264452e-06,0.035068090709361531,2.8353353995037001
-0.032526816881242038,0.080000000000000002,2.8672528051455437,2.8694669837126066,0.0022502125078472167,0.0011251062539236083,2.5726892179620008e-06,0.035557463444927599,2.8358330775478331
-0.032029138837109006,0.080000000000000002,2.8672528051455437,2.8694669837126066,0.0022502125078472167,0.0011251062539236083,2.6092017476788211e-06,0.036062107741496048,2.8363307555919661
-0.031531460792975974,0.080000000000000002,2.8672528051455437,2.8694669837126066,0.0022502125078472167,0.0011251062539236083,2.6468698819283463e-06,0.036582723794637957,2.8368284336360992
-0.031033782748842942,0.080000000000000002,2.8672528051455437,2.8694669837126066,0.0022502125078472167,0.0011251062539236083,2.6857474407262385e-06,0.037120055457604675,2.8373261116802322
-0.03053610470470991,0.080000000000000002,2.8672528051455437,2.8694669837126066,0.0022502125078472167,0.0011251062539236083,2.7258916530016658e-06,0.037674893698672787,2.8378237897243652
-0.030038426660576878,0.080000000000000002,2.8672528051455437,2.8694669837126066,0.0022502125078472167,0.0011251062539236083,2.7673634309667954e-06,0.03824808039323957,2.8383214677684983
-0.029540748616443846,0.080000000000000002,2.8672528051455437,2.8694669837126066,0.0022502125078472167,0.0011251062539236083,2.8102276714433285e-06,0.038840512488495245,2.8388191458126313
-0.029043070572310814,0.080000000000000002,2.8672528051455437,2.8694669837126066,0.0022502125078472167,0.0011251062539236083,2.854553587297946e-06,0.039453146584234197,2.8393168238567643
-0.028545392528177782,0.080000000000000002,2.8672528051455437,2.8694669837126066,0.0022502125078472167,0.0011251062539236083,2.9004150726020213e-06,0.040087003979773612,2.8398145019008973
-0.02804771448404475,0.080000000000000002,2.8672528051455437,2.8694669837126066,0.0022502125078472167,0.0011251062539236083,2.9478911055304883e-06,0.040743176242469779,2.8403121799450304
-0.027550036439911718,0.080000000000000002,2.8672528051455437,2.8694669837126066,0.0022502125078472167,0.0011251062539236083,2.9970661937048582e-06,0.041422831362860256,2.8408098579891634
-0.027052358395778686,0.080000000000000002,2.8672528051455437,2.8694669837126066,0.0022502125078472167,0.0011251062539236083,3.048030867223284e-06,0.042127220568894883,2.8413075360332964
-0.026554680351645654,0.080000000000000002,2.8672528051455437,2.8694669837126066,0.0022502125078472167,0.0011251062539236083,3.1008822255558777e-06,0.042857685884645169,2.8418052140774295
-0.026057002307512622,0.080000000000000002,2.8672528051455437,2.8694669837126066,0.0022502125078472167,0.0011251062539236083,3.1557245452056546e-06,0.043615668528863165,2.8423028921215625
-0.02555932426337959,0.080000000000000002,2.8672528051455437,2.8694669837126066,0.0022502125078472167,0.0011251062539236083,3.2126699562274301e-06,0.044402718265234807,2.8428005701656955
-0.025061646219246558,0.080000000000000002,2.8672528051455437,2.8694669837126066,0.0022502125078472167,0.0011251062539236083,3.2718391969449043e-06,0.045220503833420286,2.8432982482098286
-0.024563968175113526,0.080000000000000002,2.8672528051455437,2.8694669837126066,0.0022502125078472167,0.0011251062539236083,3.3333624575455619e-06,0.046070824608485994,2.8437959262539616
-0.024066290130980494,0.080000000000000002,2.8672528051455437,2.8694669837126066,0.0022502125078472167,0.0011251062539236083,3.3973803251153959e-06,0.046955623662349101,2.8442936042980946
-0.023568612086847462,0.080000000000000002,2.8672528051455437,2.8694669837126066,0.0022502125078472167,0.0011251062539236083,3.4640448446342212e-06,0.047877002427928125,2.8447912823422277
-0.02307093404271443,0.080000000000000002,2.8672528051455437,2.8694669837126066,0.0022502125078472167,0.0011251062539236083,3.5335207129434002e-06,0.048837237201122062,2.8452889603863607
-0.022573255998581399,0.080000000000000002,2.8672528051455437,2.8694669837126066,0.0022502125078472167,0.0011251062539236083,3.6059866255710513e-06,0.049838797755452136,2.8457866384304937
-0.022075577954448367,0.080000000000000002,2.8672528051455437,2.8694669837126066,0.0022502125078472167,0.0011251062539236083,3.6816367998176416e-06,0.050884368392820616,2.8462843164746268
-0.021577899910315335,0.080000000000000002,2.8672528051455437,2.8694669837126066,0.0022502125078472167,0.0011251062539236083,3.7606827017034783e-06,0.051976871811870773,2.8467819945187598
-0.021080221866182303,0.080000000000000002,2.8672528051455437,2.8694669837126066,0.0022502125078472167,0.0011251062539236083,3.8433550094131633e-06,0.053119496245001334,2.8472796725628928
-0.020582543822049271,0.080000000000000002,2.8672528051455437,2.8694669837126066,0.0022502125078472167,0.0011251062539236083,3.9299058520658491e-06,0.054315726400693619,2.8477773506070259
-0.020084865777916239,0.080000000000000002,2.8672528051455437,2.8694669837126066,0.0022502125078472167,0.0011251062539236083,4.0206113700317269e-06,0.055569378849969972,2.8482750286511589
-0.019587187733783207,0.080000000000000002,2.8672528051455437,2.8694669837126066,0.0022502125078472167,0.0011251062539236083,4.1157746522274339e-06,0.056884642623125474,2.8487727066952919
-0.019089509689650175,0.080000000000000002,2.8672528051455437,2.8694669837126066,0.0022502125078472167,0.0011251062539236083,4.2157291170218481e-06,0.058266125937655067,2.849270384739425
-0.018591831645517143,0.080000000000000002,2.8672528051455437,2.8694669837126066,0.0022502125078472167,0.0011251062539236083,4.3208424171654639e-06,0.059718910168776888,2.849768062783558
-0.018094153601384111,0.080000000000000002,2.8672528051455437,2.8694669837126066,0.0022502125078472167,0.0011251062539236083,4.4315209665979458e-06,0.061248612415012685,2.850265740827691
-0.017596475557251079,0.080000000000000002,2.8672528051455437,2.8694669837126066,0.0022502125078472167,0.0011251062539236083,4.5482152080399647e-06,0.062861458302241574,2.8507634188718241
-0.017098797513118047,0.080000000000000002,2.8672528051455437,2.8694669837126066,0.0022502125078472167,0.0011251062539236083,4.6714257677319854e-06,0.064564367049124202,2.8512610969159571
-0.016601119468985015,0.080000000000000002,2.8672528051455437,2.8694669837126066,0.0022502125078472167,0.0011251062539236083,4.8017106772534015e-06,0.066365051280779366,2.8517587749600901
-0.016103441424851983,0.080000000000000002,2.8672528051455437,2.8694669837126066,0.0022502125078472167,0.0011251062539236083,4.9396938860563857e-06,0.068272134681592378,2.8522564530042231
-0.015605763380718951,0.080000000000000002,2.8672528051455437,2.8694669837126066,0.0022502125078472167,0.0011251062539236083,5.0860753433050177e-06,0.070295291337590132,2.8527541310483562
-0.015108085336585919,0.080000000000000002,2.8672528051455437,2.8694669837126066,0.0022502125078472167,0.0011251062539236083,5.2416429994885226e-06,0.072445411612257413,2.8532518090924892
-0.014610407292452887,0.080000000000000002,2.8672528051455437,2.8694669837126066,0.0022502125078472167,0.0011251062539236083,5.4072871706579868e-06,0.074734800676471452,2.8537494871366222
-0.014112729248319855,0.080000000000000002,2.8672528051455437,2.8694669837126066,0.0022502125078472167,0.0011251062539236083,5.5840178301980083e-06,0.07717741750026734,2.8542471651807553
-0.013615051204186823,0.080000000000000002,2.8672528051455437,2.8694669837126066,0.0022502125078472167,0.0011251062539236083,5.7729855532548401e-06,0.079789164328431542,2.8547448432248883
-0.013117373160053791,0.080000000000000002,2.8672528051455437,2.8694669837126066,0.0022502125078472167,0.0011251062539236083,5.9755070539057068e-06,0.082588239632952615,2.8552425212690213
-0.012619695115920759,0.080000000000000002,2.8672528051455437,2.8694669837126066,0.0022502125078472167,0.0011251062539236083,6.1930965438855474e-06,0.085595571525954275,2.8557401993131544
-0.012122017071787727,0.080000000000000002,2.8672528051455437,2.8694669837126066,0.0022502125078472167,0.0011251062539236083,6.4275045357051963e-06,0.088835354062505159,2.8562378773572874
-0.011624339027654695,0.080000000000000002,2.8672528051455437,2.8694669837126066,0.0022502125078472167,0.0011251062539236083,6.6807662560817159e-06,0.092335716368769777,2.8567355554014204
-0.011126660983521663,0.080000000000000002,2.8672528051455437,2.8694669837126066,0.0022502125078472167,0.0011251062539236083,6.9552625937217732e-06,0.096129565009039936,2.8572332334455535
-0.010628982939388631,0.080000000000000002,2.8672528051455437,2.8694669837126066,0.0022502125078472167,0.0011251062539236083,7.2537975793030037e-06,0.10025565484636803,2.8577309114896865
-0.0101313048952556,0.080000000000000002,2.8672528051455437,2.8694669837126066,0.0022502125078472167,0.0011251062539236083,7.5796979381614601e-06,0.10475996497286599,2.8582285895338195
-0.0096336268511225676,0.080000000000000002,2.8672528051455437,2.8694669837126066,0.0022502125078472167,0.0011251062539236083,7.9369425110495818e-06,0.10969748745038888,2.8587262675779526
-0.0091359488069895356,0.080000000000000002,2.8672528051455437,2.8694669837126066,0.0022502125078472167,0.0011251062539236083,8.3303326927830397e-06,0.11513458296465455,2.8592239456220856
-0.0086382707628565036,0.080000000000000002,2.8672528051455437,2.8694669837126066,0.0022502125078472167,0.0011251062539236083,8.7657201321204968e-06,0.121152127894114,2.8597216236662186
-0.0081405927187234717,0.080000000000000002,2.8672528051455437,2.8694669837126066,0.0022502125078472167,0.0011251062539236083,9.2503158433446587e-06,0.12784978658025398,2.8602193017103517
-0.0076429146745904397,0.080000000000000002,2.8672528051455437,2.8694669837126066,0.0022502125078472167,0.0011251062539236083,9.7931174698171573e-06,0.13535191659129062,2.8607169797544847
-0.0071452366304574078,0.080000000000000002,2.8672528051455437,2.8694669837126066,0.0022502125078472167,0.0011251062539236083,1.0405512057696764e-05,0.14381589973405443,2.8612146577986177
-0.0066475585863243758,0.080000000000000002,2.8672528051455437,2.8694669837126066,0.0022502125078472167,0.0011251062539236083,1.1102146574555016e-05,0.15344417360200516,2.8617123358427508
-0.0061498805421913438,0.080000000000000002,2.8672528051455437,2.8694669837126066,0.0022502125078472167,0.0011251062539236083,1.1902219633022075e-05,0.16450208465130395,2.8622100138868838
-0.0056522024980583119,0.080000000000000002,2.8672528051455437,2.8694669837126066,0.0022502125078472167,0.0011251062539236083,1.2831460108553301e-05,0.17734523492750523,2.8627076919310168
-0.0051545244539252799,0.080000000000000002,2.8672528051455437,2.8694669837126066,0.0022502125078472167,0.0011251062539236083,1.3925274829585592e-05,0.19246298668977962,2.8632053699751498
-0.004656846409792248,0.080000000000000002,2.8672528051455437,2.8694669837126066,0.0022502125078472167,0.0011251062539236083,1.5233991497187866e-05,0.21055092546728127,2.8637030480192829
-0.004159168365659216,0.080000000000000002,2.8672528051455437,2.8694669837126066,0.0022502125078472167,0.0011251062539236083,1.6832104458082308e-05,0.23263864705880871,2.8642007260634159
-0.003661490321526184,0.080000000000000002,2.8672528051455437,2.8694669837126066,0.0022502125078472167,0.0011251062539236083,1.8835815379960899e-05,0.26033218942742004,2.8646984041075489
-0.0031638122773931521,0.080000000000000002,2.8672528051455437,2.8694669837126066,0.0022502125078472167,0.0011251062539236083,2.1439711747643501e-05,0.29632097084020143,2.865196082151682
-0.0026661342332601201,0.080000000000000002,2.8672528051455437,2.8694669837126066,0.0022502125078472167,0.0011251062539236083,2.5004723611971442e-05,0.34559345123213586,2.865693760195815
-0.0021684561891270882,0.080000000000000002,2.8672528051455437,2.8694669837126066,0.0022502125078472167,0.0011251062539236083,3.0318331203024194e-05,0.4190334945768267,2.866191438239948
-0.0016707781449940562,0.080000000000000002,2.8672528051455437,2.8694669837126066,0.0022502125078472167,0.0011251062539236083,3.9716387906163439e-05,0.54892522628779861,2.8666891162840811
-0.0011731001008610242,0.080000000000000002,2.8672528051455437,2.8694669837126066,0.0022502125078472167,0.0011251062539236083,7.2353001837340125e-05,1,2.8671867943282141
-0.00067542205672799227,0.080000000000000002,2.8672528051455437,2.8694669837126066,0.0022502125078472167,0.0011251062539236083,3.9085447151719246e-05,0.54020491422856109,2.8676844723723471
-0.00017774401259496031,0.080000000000000002,2.8672528051455437,2.8694669837126066,0.0022502125078472167,0.0011251062539236083,3.4093968719124618e-05,0.47121705877211184,2.8681821504164802
0.00031993403153807165,0.080000000000000002,2.8672528051455437,2.8694669837126066,0.0022502125078472167,0.0011251062539236083,3.5670273561729973e-05,0.49300336759934077,2.8686798284606132
0.00081761207567110361,0.080000000000000002,2.8672528051455437,2.8694669837126066,0.0022502125078472167,0.0011251062539236083,4.7242861910227949e-05,0.65294957652809826,2.8691775065047462
0.0013152901198041356,0.080000000000000002,2.8672528051455437,2.8694669837126066,0.0022502125078472167,0.0011251062539236083,5.7800995854255222e-05,0.79887488267867734,2.8696751845488793
0.0018129681639371675,0.080000000000000002,2.8672528051455437,2.8694669837126066,0.0022502125078472167,0.0011251062539236083,3.5116505747400238e-05,0.48534967251734978,2.8701728625930123
0.0023106462080701995,0.080000000000000002,2.8672528051455437,2.8694669837126066,0.0022502125078472167,0.0011251062539236083,2.6758974141495351e-05,0.36983916993041066,2.8706705406371453
0.0028083242522032315,0.080000000000000002,2.8672528051455437,2.8694669837126066,0.0022502125078472167,0.0011251062539236083,2.1890759224826541e-05,0.30255495513565689,2.8711682186812784
0.0033060022963362634,0.080000000000000002,2.8672528051455437,2.8694669837126066,0.0022502125078472167,0.0011251062539236083,1.8613279304900595e-05,0.25725649015566626,2.8716658967254114
0.0038036803404692954,0.080000000000000002,2.8672528051455437,2.8694669837126066,0.0022502125078472167,0.0011251062539236083,1.6242804314049521e-05,0.22449385514875614,2.8721635747695444
0.0043013583846023273,0.080000000000000002,2.8672528051455437,2.8694669837126066,0.0022502125078472167,0.0011251062539236083,1.4456756154511862e-05,0.19980865737972714,2.8726612528136775
0.0047990364287353593,0.080000000000000002,2.8672528051455437,2.8694669837126066,0.0022502125078472167,0.0011251062539236083,1.3077906649684559e-05,0.18075140377845772,2.8731589308578105
0.0052967144728683913,0.080000000000000002,2.8672528051455437,2.8694669837126066,0.0022502125078472167,0.0011251062539236083,1.1997963406060334e-05,0.16582537146189827,2.8736566089019435
0.0057943925170014232,0.080000000000000002,2.8672528051455437,2.8694669837126066,0.0022502125078472167,0.0011251062539236083,1.1144665924485682e-05,0.15403183892135508,2.8741542869460766
0.0062920705611344552,0.080000000000000002,2.8672528051455437,2.8694669837126066,0.0022502125078472167,0.0011251062539236083,1.046578164411547e-05,0.14464889331950651,2.8746519649902096
0.0067897486052674871,0.080000000000000002,2.8672528051455437,2.8694669837126066,0.0022502125078472167,0.0011251062539236083,9.9208287205627932e-06,0.13711702995911948,2.8751496430343426
0.0072874266494005191,0.080000000000000002,2.8672528051455437,2.8694669837126066,0.0022502125078472167,0.0011251062539236083,9.4768198535229653e-06,0.13098032718570832,2.8756473210784756
0.0077851046935339951,0.080000000000000002,2.8672528051455437,2.8694669837126066,0.0022502125078472167,0.0011251062539236083,9.1062722577428132e-06,0.12585894194431646,2.8761449991226091
0.0082827827376670271,0.080000000000000002,2.8672528051455437,2.8694669837126066,0.0022502125078472167,0.0011251062539236083,8.7864859914121376e-06,0.12143913546483409,2.8766426771667422
0.0087804607818000591,0.080000000000000002,2.8672528051455437,2.8694669837126066,0.0022502125078472167,0.0011251062539236083,8.4994276939556343e-06,0.11747166638729878,2.8771403552108752
0.009278138825933091,0.080000000000000002,2.8672528051455437,2.8694669837126066,0.0022502125078472167,0.0011251062539236083,8.2317535054624198e-06,0.11377210753423302,2.8776380332550082
0.009775816870066123,0.080000000000000002,2.8672528051455437,2.8694669837126066,0.0022502125078472167,0.0011251062539236083,7.9746626862810553e-06,0.11021882276853191,2.8781357112991413
0.010273494914199155,0.080000000000000002,2.8672528051455437,2.8694669837126066,0.0022502125078472167,0.0011251062539236083,7.7234219988648096e-06,0.10674639341472196,2.8786333893432743
0.010771172958332187,0.080000000000000002,2.8672528051455437,2.8694669837126066,0.0022502125078472167,0.0011251062539236083,7.476543066356116e-06,0.1033342484277909,2.8791310673874073
0.011268851002465219,0.080000000000000002,2.8672528051455437,2.8694669837126066,0.0022502125078472167,0.0011251062539236083,7.2347198171603329e-06,0.099991978680097002,2.8796287454315403
0.011766529046598251,0.080000000000000002,2.8672528051455437,2.8694669837126066,0.0022502125078472167,0.0011251062539236083,6.9997141533802967e-06,0.09674393564370215,2.8801264234756734
0.012264207090731283,0.080000000000000002,2.8672528051455437,2.8694669837126066,0.0022502125078472167,0.0011251062539236083,6.7734310882579481e-06,0.093616448747843084,2.8806241015198064
0.012761885134864315,0.080000000000000002,2.8672528051455437,2.8694669837126066,0.0022502125078472167,0.0011251062539236083,6.5573001159974478e-06,0.090629275212923355,2.8811217795639394
0.013259563178997347,0.080000000000000002,2.8672528051455437,2.8694669837126066,0.0022502125078472167,0.0011251062539236083,6.3519580004427386e-06,0.08779121583265953,2.8816194576080725
0.013757241223130379,0.080000000000000002,2.8672528051455437,2.8694669837126066,0.0022502125078472167,0.0011251062539236083,6.1573699880812132e-06,0.085101790274353231,2.8821171356522055
0.014254919267263411,0.080000000000000002,2.8672528051455437,2.8694669837126066,0.0022502125078472167,0.0011251062539236083,5.9729751593027055e-06,0.082553245997046623,2.8826148136963385
0.014752597311396443,0.080000000000000002,2.8672528051455437,2.8694669837126066,0.0022502125078472167,0.0011251062539236083,5.7979579174248471e-06,0.080134310535718803,2.8831124917404716
0.015250275355529475,0.080000000000000002,2.8672528051455437,2.8694669837126066,0.0022502125078472167,0.0011251062539236083,5.6314808404077737e-06,0.077833409774319337,2.8836101697846046
0.015747953399662507,0.080000000000000002,2.8672528051455437,2.8694669837126066,0.0022502125078472167,0.0011251062539236083,5.4727977095787679e-06,0.075640230130083586,2.8841078478287376
0.016245631443795538,0.080000000000000002,2.8672528051455437,2.8694669837126066,0.0022502125078472167,0.0011251062539236083,5.3212806380803593e-06,0.073546093499249107,2.8846055258728707
0.01674330948792857,0.080000000000000002,2.8672528051455437,2.8694669837126066,0.0022502125078472167,0.0011251062539236083,5.1764305220155546e-06,0.071544101703657145,2.8851032039170037
0.017240987532061602,0.080000000000000002,2.8672528051455437,2.8694669837126066,0.0022502125078472167,0.0011251062539236083,5.0378634012191395e-06,0.069628947981245831,2.8856008819611367
0.017738665576194634,0.080000000000000002,2.8672528051455437,2.8694669837126066,0.0022502125078472167,0.0011251062539236083,4.9052789611817382e-06,0.067796481647154128,2.8860985600052698
0.018236343620327666,0.080000000000000002,2.8672528051455437,2.8694669837126066,0.0022502125078472167,0.0011251062539236083,4.7784234375996867e-06,0.066043195392808507,2.8865962380494028
0.018734021664460698,0.080000000000000002,2.8672528051455437,2.8694669837126066,0.0022502125078472167,0.0011251062539236083,4.6570777276504824e-06,0.064366060970355563,2.8870939160935358
0.01923169970859373,0.080000000000000002,2.8672528051455437,2.8694669837126066,0.0022502125078472167,0.0011251062539236083,4.5410365430207645e-06,0.062762241064021951,2.8875915941376689
0.019729377752726762,0.080000000000000002,2.8672528051455437,2.8694669837126066,0.0022502125078472167,0.0011251062539236083,4.4300833842701781e-06,0.061228743407628586,2.8880892721818019
0.020227055796859794,0.080000000000000002,2.8672528051455437,2.8694669837126066,0.0022502125078472167,0.0011251062539236083,4.3239945314150074e-06,0.059762475938952252,2.8885869502259349
0.020724733840992826,0.080000000000000002,2.8672528051455437,2.8694669837126066,0.0022502125078472167,0.0011251062539236083,4.2225440380475055e-06,0.05836031582408132,2.889084628270068
0.021222411885125858,0.080000000000000002,2.8672528051455437,2.8694669837126066,0.0022502125078472167,0.0011251062539236083,4.1255060515677947e-06,0.057019141525634573,2.889582306314201
0.02172008992925889,0.080000000000000002,2.8672528051455437,2.8694669837126066,0.0022502125078472167,0.0011251062539236083,4.0326571311410818e-06,0.055735864839541426,2.890079984358334
0.022217767973391922,0.080000000000000002,2.8672528051455437,2.8694669837126066,0.0022502125078472167,0.0011251062539236083,3.9437787511544056e-06,0.054507465495634629,2.8905776624024671
0.022715446017524954,0.080000000000000002,2.8672528051455437,2.8694669837126066,0.0022502125078472167,0.0011251062539236083,3.8586594731129254e-06,0.053331021175703847,2.8910753404466001
0.023213124061657986,0.080000000000000002,2.8672528051455437,2.8694669837126066,0.0022502125078472167,0.0011251062539236083,3.777096521067618e-06,0.05220372928768139,2.8915730184907331
0.023710802105791018,0.080000000000000002,2.8672528051455437,2.8694669837126066,0.0022502125078472167,0.0011251062539236083,3.6988967567964646e-06,0.051122920443744856,2.8920706965348661
0.02420848014992405,0.080000000000000002,2.8672528051455437,2.8694669837126066,0.0022502125078472167,0.0011251062539236083,3.6238771632308593e-06,0.05008606514181474,2.8925683745789992
0.024706158194057082,0.080000000000000002,2.8672528051455437,2.8694669837126066,0.0022502125078472167,0.0011251062539236083,3.551864963887787e-06,0.049090775416241697,2.8930660526231322
0.025203836238190114,0.080000000000000002,2.8672528051455437,2.8694669837126066,0.0022502125078472167,0.0011251062539236083,3.4826974892636092e-06,0.048134802991218112,2.8935637306672652
0.025701514282323146,0.080000000000000002,2.8672528051455437,2.8694669837126066,0.0022502125078472167,0.0011251062539236083,3.4162218755342206e-06,0.047216035116474847,2.8940614087113983
0.026199192326456178,0.080000000000000002,2.8672528051455437,2.8694669837126066,0.0022502125078472167,0.0011251062539236083,3.3522946582601331e-06,0.046332488951827733,2.8945590867555313
0.02669687037058921,0.080000000000000002,2.8672528051455437,2.8694669837126066,0.0022502125078472167,0.0011251062539236083,3.2907813052789374e-06,0.045482305111225148,2.8950567647996643
0.027194548414722242,0.080000000000000002,2.8672528051455437,2.8694669837126066,0.0022502125078472167,0.0011251062539236083,3.2315557197798333e-06,0.044663740794678178,2.8955544428437974
0.027692226458855274,0.080000000000000002,2.8672528051455437,2.8694669837126066,0.0022502125078472167,0.0011251062539236083,3.1744997346041009e-06,0.043875162798923388,2.8960521208879304
0.028189904502988306,0.080000000000000002,2.8672528051455437,2.8694669837126066,0.0022502125078472167,0.0011251062539236083,3.1195026120568466e-06,0.04311504060425763,2.8965497989320634
0.028687582547121337,0.080000000000000002,2.8672528051455437,2.8694669837126066,0.0022502125078472167,0.0011251062539236083,3.0664605583389767e-06,0.042381939663440886,2.8970474769761965
0.029185260591254369,0.080000000000000002,2.8672528051455437,2.8694669837126066,0.0022502125078472167,0.0011251062539236083,3.0152762585626419e-06,0.041674514975085807,2.8975451550203295
0.029682938635387401,0.080000000000000002,2.8672528051455437,2.8694669837126066,0.0022502125078472167,0.0011251062539236083,2.9658584355985816e-06,0.040991504986431032,2.8980428330644625
0.030180616679520433,0.080000000000000002,2.8672528051455437,2.8694669837126066,0.0022502125078472167,0.0011251062539236083,2.9181214345403525e-06,0.040331725850168677,2.8985405111085956
0.030678294723653465,0.080000000000000002,2.8672528051455437,2.8694669837126066,0.0022502125078472167,0.0011251062539236083,2.8719848332273561e-06,0.039694066041433745,2.8990381891527286
0.031175972767786497,0.080000000000000002,2.8672528051455437,2.8694669837126066,0.0022502125078472167,0.0011251062539236083,2.8273730787202518e-06,0.03907748133348482,2.8995358671968616
0.031673650811919529,0.080000000000000002,2.8672528051455437,2.8694669837126066,0.0022502125078472167,0.0011251062539236083,2.7842151488396738e-06,0.038480990119787797,2.9000335452409947
0.032171328856052561,0.080000000000000002,2.8672528051455437,2.8694669837126066,0.0022502125078472167,0.0011251062539236083,2.7424442378227549e-06,0.037903669069434896,2.9005312232851277
0.032669006900185593,0.080000000000000002,2.8672528051455437,2.8694669837126066,0.0022502125078472167,0.0011251062539236083,2.7019974647219722e-06,0.037344649096888172,2.9010289013292607
0.033166684944318625,0.080000000000000002,2.8672528051455437,2.8694669837126066,0.0022502125078472167,0.0011251062539236083,2.6628156033204932e-06,0.036803111629105351,2.9015265793733938
0.033664362988451657,0.080000000000000002,2.8672528051455437,2.8694669837126066,0.0022502125078472167,0.0011251062539236083,2.6248428320286625e-06,0.036278285148827465,2.9020242574175268
0.034162041032584689,0.080000000000000002,2.8672528051455437,2.8694669837126066,0.0022502125078472167,0.0011251062539236083,2.5880265024823444e-06,0.035769441996347261,2.9025219354616598
0.034659719076717721,0.080000000000000002,2.8672528051455437,2.8694669837126066,0.0022502125078472167,0.0011251062539236083,2.5523169254558638e-06,0.035275895410584852,2.9030196135057929
0.035157397120850753,0.080000000000000002,2.8672528051455437,2.8694669837126066,0.0022502125078472167,0.0011251062539236083,2.5176671728305564e-06,0.034796996792069962,2.9035172915499259
0.035655075164983785,0.080000000000000002,2.8672528051455437,2.8694669837126066,0.0022502125078472167,0.0011251062539236083,2.4840328943370229e-06,0.034332133170113431,2.9040149695940589
0.036152753209116817,0.080000000000000002,2.8672528051455437,2.8694669837126066,0.0022502125078472167,0.0011251062539236083,2.4513721480389327e-06,0.033880724859902386,2.9045126476381919
0.036650431253249849,0.080000000000000002,2.8672528051455437,2.8694669837126066,0.0022502125078472167,0.0011251062539236083,2.4196452433366215e-06,0.033442223292633098,2.905010325682325
0.037148109297382881,0.080000000000000002,2.8672528051455437,2.8694669837126066,0.0022502125078472167,0.0011251062539236083,2.3888145956842472e-06,0.033016109007538395,2.905508003726458
0.037645787341515913,0.080000000000000002,2.8672528051455437,2.8694669837126066,0.0022502125078472167,0.0011251062539236083,2.3588445919110774e-06,0.032601889790476096,2.906005681770591
0.038143465385648945,0.080000000000000002,2.8672528051455437,2.8694669837126066,0.0022502125078472167,0.0011251062539236083,2.3297014654435806e-06,0.032199098949357789,2.9065033598147241
0.038641143429781977,0.080000000000000002,2.8672528051455437,2.8694669837126066,0.0022502125078472167,0.0011251062539236083,2.3013531805640753e-06,0.031807293714472905,2.9070010378588571
0.039138821473915009,0.080000000000000002,2.8672528051455437,2.8694669837126066,0.0022502125078472167,0.0011251062539236083,2.2737693250344397e-06,0.03142605375442746,2.9074987159029901
0.039636499518048041,0.080000000000000002,2.8672528051455437,2.8694669837126066,0.0022502125078472167,0.0011251062539236083,2.2469210103797442e-06,0.031054979797951483,2.9079963939471232
0.040134177562181073,0.080000000000000002,2.8672528051455437,2.8694669837126066,0.0022502125078472167,0.0011251062539236083,2.2207807792740146e-06,0.030693692353865935,2.9084940719912562
0.040631855606314105,0.080000000000000002,2.8672528051455437,2.8694669837126066,0.0022502125078472167,0.0011251062539236083,2.1953225194243745e-06,0.030341830520864536,2.9089917500353892
0.041129533650447136,0.080000000000000002,2.8672528051455437,2.8694669837126066,0.0022502125078472167,0.0011251062539236083,2.1705213834737959e-06,0.029999050880479539,2.9094894280795223
0.041627211694580168,0.080000000000000002,2.8672528051455437,2.8694669837126066,0.0022502125078472167,0.0011251062539236083,2.1463537144583324e-06,0.029665026466816704,2.9099871061236553
0.0421248897387132,0.080000000000000002,2.8672528051455437,2.8694669837126066,0.0022502125078472167,0.0011251062539236083,2.1227969763564377e-06,0.029339445806668647,2.9104847841677883
0.042622567782846232,0.080000000000000002,2.8672528051455437,2.8694669837126066,0.0022502125078472167,0.0011251062539236083,2.0998296893846497e-06,0.029022012025228291,2.9109824622119214
0.043120245826979264,0.080000000000000002,2.8672528051455437,2.8694669837126066,0.0022502125078472167,0.0011251062539236083,2.0774313696205698e-06,0.028712442011610408,2.9114801402560544
0.043617923871112296,0.080000000000000002,2.8672528051455437,2.8694669837126066,0.0022502125078472167,0.0011251062539236083,2.0555824726918313e-06,0.028410465640569746,2.9119778183001874
0.044115601915245328,0.080000000000000002,2.8672528051455437,2.8694669837126066,0.0022502125078472167,0.0011251062539236083,2.034264341158625e-06,0.02811582504526822,2.9124754963443205
0.04461327995937836,0.080000000000000002,2.8672528051455437,2.8694669837126066,0.0022502125078472167,0.0011251062539236083,2.0134591553799129e-06,0.027828273938190658,2.9129731743884535
0.045110958003511392,0.080000000000000002,2.8672528051455437,2.8694669837126066,0.0022502125078472167,0.0011251062539236083,1.9931498875241078e-06,0.027547576975520564,2.9134708524325865
0.045608636047644424,0.080000000000000002,2.8672528051455437,2.8694669837126066,0.0022502125078472167,0.0011251062539236083,1.9733202585935116e-06,0.027273509163169445,2.9139685304767196
0.046106314091777456,0.080000000000000002,2.8672528051455437,2.8694669837126066,0.0022502125078472167,0.0011251062539236083,1.9539546981354127e-06,0.027005855299938788,2.9144662085208526
0.046603992135910488,0.080000000000000002,2.8672528051455437,2.8694669837126066,0.0022502125078472167,0.0011251062539236083,1.9350383065421662e-06,0.026744409456464689,2.9149638865649856
0.04710167018004352,0.080000000000000002,2.8672528051455437,2.8694669837126066,0.0022502125078472167,0.0011251062539236083,1.91655681968057e-06,0.026488974486355982,2.9154615646091186
0.047599348224176552,0.080000000000000002,2.8672528051455437,2.8694669837126066,0.0022502125078472167,0.0011251062539236083,1.8984965757288476e-06,0.026239361567843983,2.9159592426532517
0.048097026268309584,0.080000000000000002,2.8672528051455437,2.8694669837126066,0.0022502125078472167,0.0011251062539236083,1.8808444840513004e-06,0.025995389773595119,2.9164569206973847
0.048594704312442616,0.080000000000000002,2.8672528051455437,2.8694669837126066,0.0022502125078472167,0.0011251062539236083,1.8635879959592885e-06,0.025756885666594738,2.9169545987415177
0.049092382356575648,0.080000000000000002,2.8672528051455437,2.8694669837126066,0.0022502125078472167,0.0011251062539236083,1.8467150772447847e-06,0.025523682920529873,2.9174522767856508
0.04959006040070868,0.080000000000000002,2.8672528051455437,2.8694669837126066,0.0022502125078472167,0.0011251062539236083,1.8302141823474705e-06,0.025295621962749426,2.9179499548297838
0.050087738444841712,0.080000000000000002,2.8672528051455437,2.8694669837126066,0.0022502125078472167,0.0011251062539236083,1.8140742300645903e-06,0.025072549638546968,2.9184476328739168
0.050585416488974744,0.080000000000000002,2.8672528051455437,2.8694669837126066,0.0022502125078472167,0.0011251062539236083,1.7982845806785653e-06,0.024854318895038599,2.9189453109180499
0.051083094533107776,0.080000000000000002,2.8672528051455437,2.8694669837126066,0.0022502125078472167,0.0011251062539236083,1.7828350143971467e-06,0.024640788483181585,2.9194429889621829
0.051580772577240808,0.080000000000000002,2.8672528051455437,2.8694669837126066,0.0022502125078472167,0.0011251062539236083,1.7677157110831225e-06,0.024431822677616052,2.9199406670063159
0.05207845062137384,0.080000000000000002,2.8672528051455437,2.8694669837126066,0.0022502125078472167,0.0011251062539236083,1.7529172310959427e-06,0.02422729101187468,2.920438345050449
0.052576128665506872,0.080000000000000002,2.8672528051455437,2.8694669837126066,0.0022502125078472167,0.0011251062539236083,1.7384304972471402e-06,0.024027068028986277,2.920936023094582
0.053073806709639904,0.080000000000000002,2.8672528051455437,2.8694669837126066,0.0022502125078472167,0.0011251062539236083,1.7242467777423267e-06,0.023831033045714944,2.921433701138715
0.053571484753772936,0.080000000000000002,2.8672528051455437,2.8694669837126066,0.0022502125078472167,0.0011251062539236083,1.7103576701145148e-06,0.023639069930500505,2.9219313791828481
0.054069162797905967,0.080000000000000002,2.8672528051455437,2.8694669837126066,0.0022502125078472167,0.0011251062539236083,1.6967550860002636e-06,0.02345106689304766,2.9224290572269811
0.054566840842038999,0.080000000000000002,2.8672528051455437,2.8694669837126066,0.0022502125078472167,0.0011251062539236083,1.6834312367696187e-06,0.023266916285715585,2.9229267352711141
0.055064518886172031,0.080000000000000002,2.8672528051455437,2.8694669837126066,0.0022502125078472167,0.0011251062539236083,1.6703786199386901e-06,0.023086514415724447,2.9234244133152472
0.055562196930305507,0.080000000000000002,2.8672528051455437,2.8694669837126066,0.0022502125078472167,0.0011251062539236083,1.6575900063012688e-06,0.022909761367299837,2.9239220913593806
0.056059874974438539,0.080000000000000002,2.8672528051455437,2.8694669837126066,0.0022502125078472167,0.0011251062539236083,1.6450584277586351e-06,0.022736560833467024,2.9244197694035137
0.056557553018571571,0.080000000000000002,2.8672528051455437,2.8694669837126066,0.0022502125078472167,0.0011251062539236083,1.6327771657822319e-06,0.022566819956592099,2.9249174474476467
0.057055231062704603,0.080000000000000002,2.8672528051455437,2.8694669837126066,0.0022502125078472167,0.0011251062539236083,1.6207397404878782e-06,0.022400449177375287,2.9254151254917797
0.057552909106837635,0.080000000000000002,2.8672528051455437,2.8694669837126066,0.0022502125078472167,0.0011251062539236083,1.6089399002723885e-06,0.02223736209161736,2.9259128035359128
0.058050587150970667,0.080000000000000002,2.8672528051455437,2.8694669837126066,0.0022502125078472167,0.0011251062539236083,1.5973716119959077e-06,0.022077475314528444,2.9264104815800458
0.058548265195103699,0.080000000000000002,2.8672528051455437,2.8694669837126066,0.0022502125078472167,0.0011251062539236083,1.5860290516552062e-06,0.021920708351822443,2.9269081596241788
0.059045943239236731,0.080000000000000002,2.8672528051455437,2.8694669837126066,0.0022502125078472167,0.0011251062539236083,1.5749065955331203e-06,0.021766983477392341,2.9274058376683119
0.059543621283369763,0.080000000000000002,2.8672528051455437,2.8694669837126066,0.0022502125078472167,0.0011251062539236083,1.5639988117916137e-06,0.021616225617116843,2.9279035157124449
0.060041299327502795,0.080000000000000002,2.8672528051455437,2.8694669837126066,0.0022502125078472167,0.0011251062539236083,1.5533004525022767e-06,0.021468362238712884,2.9284011937565779
0.060538977371635827,0.080000000000000002,2.8672528051455437,2.8694669837126066,0.0022502125078472167,0.0011251062539236083,1.5428064460259448e-06,0.021323323246413381,2.928898871800711
0.061036655415768859,0.080000000000000002,2.8672528051455437,2.8694669837126066,0.0022502125078472167,0.0011251062539236083,1.5325118898427308e-06,0.0211810408818702,2.929396549844844
0.061534333459901891,0.080000000000000002,2.8672528051455437,2.8694669837126066,0.0022502125078472167,0.0011251062539236083,1.5224120436623732e-06,0.0210414496289314,2.929894227888977
0.062032011504034923,0.080000000000000002,2.8672528051455437,2.8694669837126066,0.0022502125078472167,0.0011251062539236083,1.5125023228650259e-06,0.020904486122985566,2.9303919059331101
0.062529689548167955,0.080000000000000002,2.8672528051455437,2.8694669837126066,0.0022502125078472167,0.0011251062539236083,1.50277829232805e-06,0.02077008906564112,2.9308895839772431
0.063027367592300987,0.080000000000000002,2.8672528051455437,2.8694669837126066,0.0022502125078472167,0.0011251062539236083,1.4932356605072712e-06,0.020638199142922614,2.9313872620213761
0.063525045636434019,0.080000000000000002,2.8672528051455437,2.8694669837126066,0.0022502125078472167,0.0011251062539236083,1.4838702737574568e-06,0.020508758946773335,2.9318849400655091
0.064022723680567051,0.080000000000000002,2.8672528051455437,2.8694669837126066,0.0022502125078472167,0.0011251062539236083,1.4746781109585036e-06,0.02038171290078317,2.9323826181096422
0.064520401724700083,0.080000000000000002,2.8672528051455437,2.8694669837126066,0.0022502125078472167,0.0011251062539236083,1.465655278425e-06,0.020257007189833011,2.9328802961537752
0.065018079768833115,0.080000000000000002,2.8672528051455437,2.8694669837126066,0.0022502125078472167,0.0011251062539236083,1.4567980050065218e-06,0.020134589692375329,2.9333779741979082
0.065515757812966147,0.080000000000000002,2.8672528051455437,2.8694669837126066,0.0022502125078472167,0.0011251062539236083,1.4481026373858653e-06,0.020014409915450455,2.9338756522420413
0.066013435857099179,0.080000000000000002,2.8672528051455437,2.8694669837126066,0.0022502125078472167,0.0011251062539236083,1.4395656356740192e-06,0.01989641893380413,2.9343733302861743
0.066511113901232211,0.080000000000000002,2.8672528051455437,2.8694669837126066,0.0022502125078472167,0.0011251062539236083,1.4311835691192501e-06,0.019780569330582233,2.9348710083303073
0.067008791945365243,0.080000000000000002,2.8672528051455437,2.8694669837126066,0.0022502125078472167,0.0011251062539236083,1.4229531120919811e-06,0.019666815141837279,2.9353686863744404
0.067506469989498274,0.080000000000000002,2.8672528051455437,2.8694669837126066,0.0022502125078472167,0.0011251062539236083,1.4148710401586869e-06,0.01955511180226522,2.9358663644185734
0.068004148033631306,0.080000000000000002,2.8672528051455437,2.8694669837126066,0.0022502125078472167,0.0011251062539236083,1.406934226408396e-06,0.019445416094433579,2.9363640424627064
0.068501826077764338,0.080000000000000002,2.8672528051455437,2.8694669837126066,0.0022502125078472167,0.0011251062539236083,1.399139637896355e-06,0.019337686099628881,2.9368617205068395
0.06899950412189737,0.080000000000000002,2.8672528051455437,2.8694669837126066,0.0022502125078472167,0.0011251062539236083,1.3914843322524987e-06,0.019231881150981876,2.9373593985509725
0.069497182166030402,0.080000000000000002,2.8672528051455437,2.8694669837126066,0.0022502125078472167,0.0011251062539236083,1.3839654544390913e-06,0.019127961788654509,2.9378570765951055
0.069994860210163434,0.080000000000000002,2.8672528051455437,2.8694669837126066,0.0022502125078472167,0.0011251062539236083,1.3765802336592348e-06,0.019025889717111995,2.9383547546392386
0.070492538254296466,0.080000000000000002,2.8672528051455437,2.8694669837126066,0.0022502125078472167,0.0011251062539236083,1.3693259803761506e-06,0.018925627763925965,2.9388524326833716
0.070990216298429498,0.080000000000000002,2.8672528051455437,2.8694669837126066,0.0022502125078472167,0.0011251062539236083,1.362200083471235e-06,0.018827139840495562,2.9393501107275046
0.07148789434256253,0.080000000000000002,2.8672528051455437,2.8694669837126066,0.0022502125078472167,0.0011251062539236083,1.3552000075153665e-06,0.018730390904333861,2.9398477887716377
0.071985572386695562,0.080000000000000002,2.8672528051455437,2.8694669837126066,0.0022502125078472167,0.0011251062539236083,1.3483232901780081e-06,0.01863534692325871,2.9403454668157707
0.072483250430828594,0.080000000000000002,2.8672528051455437,2.8694669837126066,0.0022502125078472167,0.0011251062539236083,1.3415675397013933e-06,0.018541974840483172,2.9408431448599037
0.072980928474961626,0.080000000000000002,2.8672528051455437,2.8694669837126066,0.0022502125078472167,0.0011251062539236083,1.3349304325244997e-06,0.018450242541776136,2.9413408229040368
0.073478606519094658,0.080000000000000002,2.8672528051455437,2.8694669837126066,0.0022502125078472167,0.0011251062539236083,1.3284097109719253e-06,0.018360118823519997,2.9418385009481698
0.07397628456322769,0.080000000000000002,2.8672528051455437,2.8694669837126066,0.0022502125078472167,0.0011251062539236083,1.3220031810528582e-06,0.01827157336228993,2.9423361789923028
0.074473962607360722,0.080000000000000002,2.8672528051455437,2.8694669837126066,0.0022502125078472167,0.0011251062539236083,1.3157087103454552e-06,0.018184576685613626,2.9428338570364359
0.074971640651493754,0.080000000000000002,2.8672528051455437,2.8694669837126066,0.0022502125078472167,0.0011251062539236083,1.3095242259690218e-06,0.018099100143944533,2.9433315350805689
0.075469318695626786,0.080000000000000002,2.8672528051455437,2.8694669837126066,0.0022502125078472167,0.0011251062539236083,1.3034477126367796e-06,0.018015115883748902,2.9438292131247019
0.075966996739759818,0.080000000000000002,2.8672528051455437,2.8694669837126066,0.0022502125078472167,0.0011251062539236083,1.2974772107712743e-06,0.017932596821458608,2.9443268911688349
0.07646467478389285,0.080000000000000002,2.8672528051455437,2.8694669837126066,0.0022502125078472167,0.0011251062539236083,1.2916108147340725e-06,0.017851516619003562,2.944824569212968
0.076962352828025882,0.080000000000000002,2.8672528051455437,2.8694669837126066,0.0022502125078472167,0.0011251062539236083,1.2858466710678207e-06,0.017771849659514991,2.945322247257101
0.077460030872158914,0.080000000000000002,2.8672528051455437,2.8694669837126066,0.0022502125078472167,0.0011251062539236083,1.2801829768686997e-06,0.017693571024830924,2.945819925301234
0.077957708916291946,0.080000000000000002,2.8672528051455437,2.8694669837126066,0.0022502125078472167,0.0011251062539236083,1.2746179781707064e-06,0.01761665647316513,2.9463176033453671
0.078455386960424978,0.080000000000000002,2.8672528051455437,2.8694669837126066,0.0022502125078472167,0.0011251062539236083,1.2691499684266277e-06,0.017541082418112492,2.9468152813895001
0.07895306500455801,0.080000000000000002,2.8672528051455437,2.8694669837126066,0.0022502125078472167,0.0011251062539236083,1.2637772870228046e-06,0.017466825908121358,2.9473129594336331
0.079450743048691042,0.080000000000000002,2.8672528051455437,2.8694669837126066,0.0022502125078472167,0.0011251062539236083,1.2584983178782233e-06,0.017393864607131396,2.9478106374777662
0.079948421092824073,0.080000000000000002,2.8672528051455437,2.8694669837126066,0.0022502125078472167,0.0011251062539236083,1.2533114880672751e-06,0.017322176775538604,2.9483083155218992
0.080446099136957105,0.080000000000000002,2.8672528051455437,2.8694669837126066,0.0022502125078472167,0.0011251062539236083,1.2482152665139642e-06,0.017251741252147772,2.9488059935660322
0.080943777181090137,0.080000000000000002,2.8672528051455437,2.8694669837126066,0.0022502125078472167,0.0011251062539236083,1.2432081627290275e-06,0.017182537436718062,2.9493036716101653
0.081441455225223169,0.080000000000000002,2.8672528051455437,2.8694669837126066,0.0022502125078472167,0.0011251062539236083,1.2382887255982371e-06,0.017114545273215986,2.9498013496542983
0.081939133269356201,0.080000000000000002,2.8672528051455437,2.8694669837126066,0.0022502125078472167,0.0011251062539236083,1.2334555422090488e-06,0.017047745233598362,2.9502990276984313
0.082436811313489233,0.080000000000000002,2.8672528051455437,2.8694669837126066,0.0022502125078472167,0.0011251062539236083,1.2287072367250375e-06,0.016982118302255749,2.9507967057425644
0.082934489357622265,0.080000000000000002,2.8672528051455437,2.8694669837126066,0.0022502125078472167,0.0011251062539236083,1.2240424693030043e-06,0.01691764596104563,2.9512943837866974
0.083432167401755297,0.080000000000000002,2.8672528051455437,2.8694669837126066,0.0022502125078472167,0.0011251062539236083,1.2194599350499165e-06,0.016854310174876177,2.9517920618308304
0.083929845445888329,0.080000000000000002,2.8672528051455437,2.8694669837126066,0.0022502125078472167,0.0011251062539236083,1.214958363009522e-06,0.016792093377700094,2.9522897398749635
0.084427523490021361,0.080000000000000002,2.8672528051455437,2.8694669837126066,0.0022502125078472167,0.0011251062539236083,1.2105365151969043e-06,0.016730978459171097,2.9527874179190965
0.084925201534154393,0.080000000000000002,2.8672528051455437,2.8694669837126066,0.0022502125078472167,0.0011251062539236083,1.2061931856670934e-06,0.016670948751771046,2.9532850959632295
0.085422879578287425,0.080000000000000002,2.8672528051455437,2.8694669837126066,0.0022502125078472167,0.0011251062539236083,1.2019271996027058e-06,0.016611988018200127,2.9537827740073626
0.085920557622420457,0.080000000000000002,2.8672528051455437,2.8694669837126066,0.0022502125078472167,0.0011251062539236083,1.197737412455695e-06,0.016554080439514861,2.9542804520514956
0.086418235666553489,0.080000000000000002,2.8672528051455437,2.8694669837126066,0.0022502125078472167,0.0011251062539236083,1.1936227090991403e-06,0.01649721060340488,2.9547781300956286
0.086915913710686521,0.080000000000000002,2.8672528051455437,2.8694669837126066,0.0022502125078472167,0.0011251062539236083,1.1895820030293265e-06,0.016441363493164756,2.9552758081397617
0.087413591754819553,0.080000000000000002,2.8672528051455437,2.8694669837126066,0.0022502125078472167,0.0011251062539236083,1.1856142355781292e-06,0.01638652447680829,2.9557734861838947
0.087911269798952585,0.080000000000000002,2.8672528051455437,2.8694669837126066,0.0022502125078472167,0.0011251062539236083,1.1817183751621879e-06,0.016332679296691233,2.9562711642280277
0.088408947843085617,0.080000000000000002,2.8672528051455437,2.8694669837126066,0.0022502125078472167,0.0011251062539236083,1.1778934165579074e-06,0.016279814059490992,2.9567688422721607
0.088906625887218649,0.080000000000000002,2.8672528051455437,2.8694669837126066,0.0022502125078472167,0.0011251062539236083,1.1741383802016682e-06,0.016227915226534745,2.9572665203162938
0.089404303931351681,0.080000000000000002,2.8672528051455437,2.8694669837126066,0.0022502125078472167,0.0011251062539236083,1.1704523115145761e-06,0.016176969604466723,2.9577641983604268
0.089901981975484713,0.080000000000000002,2.8672528051455437,2.8694669837126066,0.0022502125078472167,0.0011251062539236083,1.1668342802378408e-06,0.01612696433606239,2.9582618764045598
0.090399660019617745,0.080000000000000002,2.8672528051455437,2.8694669837126066,0.0022502125078472167,0.0011251062539236083,1.1632833798267652e-06,0.016077886891852702,2.9587595544486929
0.090897338063750777,0.080000000000000002,2.8672528051455437,2.8694669837126066,0.0022502125078472167,0.0011251062539236083,1.1597987268097816e-06,0.016029725061265248,2.9592572324928259
0.091395016107883809,0.080000000000000002,2.8672528051455437,2.8694669837126066,0.0022502125078472167,0.0011251062539236083,1.1563794602313311e-06,0.015982466944924237,2.9597549105369589
0.091892694152016841,0.080000000000000002,2.8672528051455437,2.8694669837126066,0.0022502125078472167,0.0011251062539236083,1.1530247410675527e-06,0.01593610094657464,2.960252588581092
0.092390372196149873,0.080000000000000002,2.8672528051455437,2.8694669837126066,0.0022502125078472167,0.0011251062539236083,1.1497337516720176e-06,0.015890615765421636,2.960750266625225
0.092888050240282904,0.080000000000000002,2.8672528051455437,2.8694669837126066,0.0022502125078472167,0.0011251062539236083,1.1465056952746474e-06,0.01584600038920508,2.961247944669358
0.093385728284415936,0.080000000000000002,2.8672528051455437,2.8694669837126066,0.0022502125078472167,0.0011251062539236083,1.1433397954195911e-06,0.015802244086430335,2.9617456227134911
0.093883406328548968,0.080000000000000002,2.8672528051455437,2.8694669837126066,0.0022502125078472167,0.0011251062539236083,1.1402352955597299e-06,0.015759336400763876,2.9622433007576241
0.094381084372682,0.080000000000000002,2.8672528051455437,2.8694669837126066,0.0022502125078472167,0.0011251062539236083,1.1371914584359749e-06,0.015717267142454486,2.9627409788017571
0.094878762416815032,0.080000000000000002,2.8672528051455437,2.8694669837126066,0.0022502125078472167,0.0011251062539236083,1.134207565786157e-06,0.015676026384309771,2.9632386568458902
0.095376440460948064,0.080000000000000002,2.8672528051455437,2.8694669837126066,0.0022502125078472167,0.0011251062539236083,1.1312829177515423e-06,0.015635604453493549,2.9637363348900232
0.095874118505081096,0.080000000000000002,2.8672528051455437,2.8694669837126066,0.0022502125078472167,0.0011251062539236083,1.1284168325591626e-06,0.015595991927135306,2.9642340129341562
0.096371796549214128,0.080000000000000002,2.8672528051455437,2.8694669837126066,0.0022502125078472167,0.0011251062539236083,1.1256086459887098e-06,0.015557179624962053,2.9647316909782893
0.09686947459334716,0.080000000000000002,2.8672528051455437,2.8694669837126066,0.0022502125078472167,0.0011251062539236083,1.1228577111165523e-06,0.015519158605760362,2.9652293690224223
0.097367152637480192,0.080000000000000002,2.8672528051455437,2.8694669837126066,0.0022502125078472167,0.0011251062539236083,1.1201633977739166e-06,0.015481920159887821,2.9657270470665553
0.097864830681613224,0.080000000000000002,2.8672528051455437,2.8694669837126066,0.0022502125078472167,0.0011251062539236083,1.117525092285545e-06,0.015445455805660986,2.9662247251106884
0.098362508725746256,0.080000000000000002,2.8672528051455437,2.8694669837126066,0.0022502125078472167,0.0011251062539236083,1.1149421970435582e-06,0.015409757283465686,2.9667224031548214
0.098860186769879288,0.080000000000000002,2.8672528051455437,2.8694669837126066,0.0022502125078472167,0.0011251062539236083,1.1124141301795982e-06,0.01537481655122567,2.9672200811989544
0.09935786481401232,0.080000000000000002,2.8672528051455437,2.8694669837126066,0.0022502125078472167,0.0011251062539236083,1.1099403252256557e-06,0.015340625779714848,2.9677177592430874
0.099855542858145352,0.080000000000000002,2.8672528051455437,2.8694669837126066,0.0022502125078472167,0.0011251062539236083,1.107520230775323e-06,0.015307177347875442,2.9682154372872205
0.10035322090227838,0.080000000000000002,2.8672528051455437,2.8694669837126066,0.0022502125078472167,0.0011251062539236083,1.1051533101736975e-06,0.015274463838532088,2.9687131153313535
0.10085089894641142,0.080000000000000002,2.8672528051455437,2.8694669837126066,0.0022502125078472167,0.0011251062539236083,1.1028390412100171e-06,0.015242478034143719,2.9692107933754865
0.10134857699054445,0.080000000000000002,2.8672528051455437,2.8694669837126066,0.0022502125078472167,0.0011251062539236083,1.1005769158209495e-06,0.015211212912702689,2.9697084714196196
0.10184625503467748,0.080000000000000002,2.8672528051455437,2.8694669837126066,0.0022502125078472167,0.0011251062539236083,1.0983664398030665e-06,0.015180661643760836,2.9702061494637526
0.10234393307881051,0.080000000000000002,2.8672528051455437,2.8694669837126066,0.0022502125078472167,0.0011251062539236083,1.0962071325353282e-06,0.01515081758459391,2.9707038275078856
0.10284161112294354,0.080000000000000002,2.8672528051455437,2.8694669837126066,0.0022502125078472167,0.0011251062539236083,1.0940985267130586e-06,0.015121674276524812,2.9712015055520187
0.10333928916707658,0.080000000000000002,2.8672528051455437,2.8694669837126066,0.0022502125078472167,0.0011251062539236083,1.0920401680936095e-06,0.015093225441408384,2.9716991835961517
0.10383696721120961,0.080000000000000002,2.8672528051455437,2.8694669837126066,0.0022502125078472167,0.0011251062539236083,1.0900316152420926e-06,0.015065464978117138,2.9721968616402847
0.10433464525534264,0.080000000000000002,2.8672528051455437,2.8694669837126066,0.0022502125078472167,0.0011251062539236083,1.0880724392864425e-06,0.015038386959155953,2.9726945396844178
0.10483232329947567,0.080000000000000002,2.8672528051455437,2.8694669837126066,0.0022502125078472167,0.0011251062539236083,1.0861622236926916e-06,0.015011985627556122,2.9731922177285508
0.10533000134360915,0.080000000000000002,2.8672528051455437,2.8694669837126066,0.0022502125078472167,0.0011251062539236083,1.084300564040952e-06,0.014986255393779161,2.9736898957726843
0.10582767938774218,0.080000000000000002,2.8672528051455437,2.8694669837126066,0.0022502125078472167,0.0011251062539236083,1.0824870677978502e-06,0.014961190832571613,2.9741875738168173
0.10632535743187521,0.080000000000000002,2.8672528051455437,2.8694669837126066,0.0022502125078472167,0.0011251062539236083,1.0807213541169573e-06,0.014936786680206761,2.9746852518609503
0.10682303547600824,0.080000000000000002,2.8672528051455437,2.8694669837126066,0.0022502125078472167,0.0011251062539236083,1.0790030536356954e-06,0.014913037831677644,2.9751829299050834
0.10732071352014128,0.080000000000000002,2.8672528051455437,2.8694669837126066,0.0022502125078472167,0.0011251062539236083,1.0773318082756195e-06,0.014889939337936734,2.9756806079492164
0.10781839156427431,0.080000000000000002,2.8672528051455437,2.8694669837126066,0.0022502125078472167,0.0011251062539236083,1.0757072710619447e-06,0.014867486403401593,2.9761782859933494
0.10831606960840734,0.080000000000000002,2.8672528051455437,2.8694669837126066,0.0022502125078472167,0.0011251062539236083,1.0741291059337876e-06,0.014845674383332196,2.9766759640374825
0.10881374765254037,0.080000000000000002,2.8672528051455437,2.8694669837126066,0.0022502125078472167,0.0011251062539236083,1.0725969875754595e-06,0.01482449878149922,2.9771736420816155
