envelope,epsilon,fit_window_early,fit_window_late,local_slope,rms_envelope,time
0.0010645281009548191,0.0050000000000000001,0,0,-2.2522978432507011e-05,0.00038308587523797256,400
0.0010052030701597425,0.0050000000000000001,0,0,-4.7818944878486036e-05,0.00038308535215485169,425
0.00094929273094066543,0.0050000000000000001,0,0,-9.973550261577202e-05,0.00038308378286254469,450
0.00089749413622561118,0.0050000000000000001,0,0,-0.00015712147616397942,0.0003830811672321112,475
0.00085037734724341515,0.0050000000000000001,0,0,-0.00021998369221876146,0.00038307750504830196,500
0.00080835383918067595,0.0050000000000000001,0,0,-0.0002883299301288389,0.00038307279600907022,525
0.00077164872662441417,0.0050000000000000001,0,0,-0.00036216895153984296,0.0003830670397249531,550
0.0007402825908668061,0.0050000000000000001,0,0,-0.00044151052387064738,0.00038306023571837999,575
0.00071406881900214572,0.0050000000000000001,0,0,-0.00052636543752271336,0.00038305238342297137,600
0.0006926303073497282,0.0050000000000000001,0,0,-0.0006167455168935021,0.00038304348218289036,625
0.00067543529914627996,0.0050000000000000001,0,0,-0.00071266362529343041,0.00038303353125230123,650
0.00066184742589873893,0.0050000000000000001,0,0,-0.00081413366446270174,0.00038302252979497721,675
0.00065118170103606137,0.0050000000000000001,0,0,-0.00092117057000962177,0.00038301047688407984,700
0.00064275761642888047,0.0050000000000000001,0,0,-0.0010337903042199059,0.0003829973715021114,725
0.00063594250903127635,0.0050000000000000001,0,0,-0.0011520098483970287,0.00038298321254101955,750
0.00063018172285698288,0.0050000000000000001,0,0,-0.0012758471969220864,0.00038296799880241172,775
0.00062501531261658163,0.0050000000000000001,0,0,-0.0014053213551221688,0.0003829517289978221,800
0.00062008321311178842,0.0050000000000000001,0,0,-0.0015404523427662298,0.00038293440174895954,825
0.00061512176309191121,0.0050000000000000001,0,0,-0.0016812612050216558,0.0003829160155878644,850
0.00060995452007725742,0.0050000000000000001,0,0,-0.0018277700299336175,0.00038289656895690684,875
0.00060447985373424486,0.0050000000000000001,0,0,-0.0019800019742604036,0.00038287606020856956,900
0.00059865719638470055,0.0050000000000000001,0,0,-0.002137981293969915,0.00038285448760498175,925
0.0005924932557576988,0.0050000000000000001,0,0,-0.0023017333791131023,0.00038283184931719246,950
0.00058602903669038105,0.0050000000000000001,0,0,-0.0024712847889816203,0.00038280814342420177,975
0.00057932818515468059,0.0050000000000000001,0,0,-0.0026466632853612282,0.000382783367911792,1000
0.00057246693845262582,0.0050000000000000001,0,0,-0.0028278978607261251,0.00038275752067122587,1025
0.00056552581034311465,0.0050000000000000001,0,0,-0.0030150187582478338,0.00038273059949789145,1050
0.00055858303301746504,0.0050000000000000001,0,0,-0.0032080574828228237,0.00038270260208997993,1075
0.00055170970008787271,0.0050000000000000001,0,0,-0.0034070468028346568,0.00038267352604727978,1100
0.00054496649436351998,0.0050000000000000001,0,0,-0.0036120207427075002,0.00038264336887015231,1125
0.00053840183560935958,0.0050000000000000001,0,0,-0.003823014568894223,0.00038261212795873345,1150
0.00053205124550961336,0.0050000000000000001,0,0,-0.0040400647736476003,0.00038257980061237216,1175
0.00052593770089853016,0.0050000000000000001,0,0,-0.0042632090589620475,0.00038254638402928699,1200
0.00052007273381436637,0.0050000000000000001,0,0,-0.0044924863268533954,0.00038251187530638606,1225
0.000514458039168684,0.0050000000000000001,0,0,-0.0047279366785915045,0.0003824762714391733,1250
0.00050908736732685901,0.0050000000000000001,0,0,-0.0049696014275184552,0.00038243956932164185,1275
0.00050394850743879947,0.0050000000000000001,0,0,-0.0052175231258217991,0.00038240176574605363,1300
0.00049902520431384313,0.0050000000000000001,0,0,-0.005471745606115519,0.00038236285740250779,1325
0.00049429889266731572,0.0050000000000000001,0,0,-0.0057323140358676028,0.00038232284087822229,1350
0.00048975017341904199,0.0050000000000000001,0,0,-0.0059992749807236123,0.0003822817126564807,1375
0.00048535999385934539,0.0050000000000000001,0,0,-0.0062726764721219297,0.00038223946911523378,1400
0.00048111052448835659,0.0050000000000000001,0,0,-0.0065525680731184366,0.00038219610652538585,1425
0.00047698574896245296,0.0050000000000000001,0,0,-0.0068390009365373317,0.00038215162104882891,1450
0.00047297179970789651,0.0050000000000000001,0,0,-0.0071320278510427215,0.00038210600873631972,1475
0.0004690570810533081,0.0050000000000000001,1,0,-0.0074317032708677289,0.00038205926552531102,1500
0.00046523222534750969,0.0050000000000000001,1,0,-0.0077380833280642491,0.00038201138723785173,1525
0.00046148992682782405,0.0050000000000000001,1,0,-0.0080512258286944416,0.000381962369578658,1550
0.00045782469432753835,0.0050000000000000001,1,0,-0.008371190235919812,0.00038191220813343479,1575
0.00045423255844031688,0.0050000000000000001,1,0,-0.0086980376455301212,0.00038186089836748688,1600
0.00045071076244310122,0.0050000000000000001,1,0,-0.0090318307614438709,0.00038180843562461958,1625
0.00044725745982035535,0.0050000000000000001,1,0,-0.0093726338777742058,0.0003817548151262833,1650
0.00044387143510840713,0.0050000000000000001,1,0,-0.0097205128748782954,0.00038170003197087962,1675
0.00044055185927934171,0.0050000000000000001,1,0,-0.010075535236126143,0.00038164408113311541,1700
0.00043729808615772036,0.0050000000000000001,1,0,-0.010437770086014098,0.00038158695746328135,1725
0.00043410949245887084,0.0050000000000000001,1,0,-0.010807288253090519,0.00038152865568632903,1750
0.00043098536093862257,0.0050000000000000001,1,0,-0.011184162352890326,0.00038146917040064206,1775
0.0004279248037971354,0.0050000000000000001,1,0,-0.011568466886501483,0.00038140849607642665,1800
0.00042492672181020303,0.0050000000000000001,1,0,-0.011960278347601161,0.00038134662705369187,1825
0.00042198979358836999,0.0050000000000000001,1,0,-0.01235967532795712,0.00038128355753983239,1850
0.0004191124888040205,0.0050000000000000001,1,0,-0.012766738614516271,0.00038121928160687521,1875
0.0004162930990977351,0.0050000000000000001,1,0,-0.013181551269326519,0.00038115379318848507,1900
0.00041352978059924653,0.0050000000000000001,1,0,-0.013604198687346525,0.00038108708607684845,1925
0.00041082060250066297,0.0050000000000000001,1,0,-0.014034768631688621,0.00038101915391956407,1950
0.00040816359682976103,0.0050000000000000001,1,0,-0.014473351244134847,0.00038094999021665726,1975
0.00040555680542298233,0.0050000000000000001,1,0,-0.014920039040077882,0.00038087958831780992,2000
0.00040299832103001383,0.0050000000000000001,1,0,-0.015374926891468021,0.00038080794141986203,2025
0.00040048632043846003,0.0050000000000000001,1,0,-0.015838112009646466,0.00038073504256459122,2050
0.0003980190884377531,0.0050000000000000001,1,0,-0.016309693936250369,0.00038066088463673746,2075
0.00039559503230197717,0.0050000000000000001,1,0,-0.016789774551455139,0.00038058546036219163,2100
0.00039321268722435928,0.0050000000000000001,1,0,-0.017278458106886774,0.00038050876230624319,2125
0.00039087071375197861,0.0050000000000000001,1,0,-0.017775851285648514,0.00038043078287176352,2150
0.00038856788872630125,0.0050000000000000001,1,0,-0.018282063291394479,0.00038035151429720364,2175
0.00038630309152127635,0.0050000000000000001,1,0,-0.018797205960652263,0.00038027094865430332,2200
0.00038407528748380195,0.0050000000000000001,1,0,-0.019321393893790173,0.00038018907784543698,2225
0.00038188351042985026,0.0050000000000000001,1,0,-0.019854744595818374,0.00038010589360056485,2250
0.00037972684585237522,0.0050000000000000001,1,0,-0.020397378616792139,0.00038002138747379521,2275
0.00037760441618286928,0.0050000000000000001,1,0,-0.02094941968277908,0.00037993555083960659,2300
0.00037551536905345434,0.0050000000000000001,1,0,-0.021510994812899753,0.00037984837488880431,2325
0.00037345886907209794,0.0050000000000000001,1,0,-0.02208223441419932,0.00037975985062430918,2350
0.00037143409319289673,0.0050000000000000001,1,0,-0.022663272358670383,0.00037966996885687224,2375
0.00036944022937695147,0.0050000000000000001,1,0,-0.023254246039982718,0.00037957872020080388,2400
0.00036747647793141947,0.0050000000000000001,1,0,-0.023855296419242222,0.00037948609506977823,2425
0.00036554205470943268,0.0050000000000000001,1,0,-0.024466568065861338,0.00037939208367274754,2450
0.00036363619526410759,0.0050000000000000001,1,0,-0.025088209200362144,0.00037929667600996187,2475
0.00036175815907510113,0.0050000000000000001,1,0,-0.025720371749457627,0.00037919986186906525,2500
0.00035990723309258253,0.0050000000000000001,1,0,-0.026363211414604848,0.00037910163082121256,2525
0.00035808273404693296,0.0050000000000000001,1,0,-0.027016887762158603,0.00037900197221713998,2550
0.00035628400922134537,0.0050000000000000001,1,0,-0.027681564329782304,0.00037890087518312204,2575
0.000354510435643894,0.0050000000000000001,1,0,-0.028357408751730873,0.00037879832861675638,2600
0.00035276141789185143,0.0050000000000000001,1,0,-0.029044592893910703,0.00037869432118253608,2625
0.0003510363848856541,0.0050000000000000001,1,0,-0.029743292996897708,0.00037858884130719249,2650
0.00034933478616321241,0.0050000000000000001,1,0,-0.030453689820433283,0.00037848187717480676,2675
0.00034765608815824043,0.0050000000000000001,1,0,-0.03117596878604445,0.00037837341672171057,2700
0.00034599977096122871,0.0050000000000000001,1,0,-0.031910320118242907,0.00037826344763119556,2725
0.00034436532593127997,0.0050000000000000001,1,0,-0.032656938985837769,0.00037815195732805257,2750
0.00034275225437195052,0.0050000000000000001,1,0,-0.033416025646545222,0.00037803893297294773,2775
0.0003411600673098926,0.0050000000000000001,1,0,-0.034187785601716314,0.00037792436145662388,2800
0.00033958828624786427,0.0050000000000000001,1,0,-0.034972429766924051,0.00037780822939389666,2825
0.00033803644462710884,0.0050000000000000001,1,0,-0.035770174662729914,0.00037769052311739784,2850
0.00033650408964590572,0.0050000000000000001,1,0,-0.036581242625857158,0.00037757122867101284,2875
0.00033499078405085567,0.0050000000000000001,1,0,-0.037405862040884585,0.00037745033180296074,2900
0.00033349610754586259,0.0050000000000000001,1,0,-0.038244267581603708,0.00037732781795848756,2925
0.00033201965754303231,0.0050000000000000001,1,0,-0.03909670045737812,0.00037720367227217012,2950
0.00033056104909512266,0.0050000000000000001,1,0,-0.039963408646372045,0.00037707787955986837,2975
0.00032911991398175232,0.0050000000000000001,1,0,-0.040844647107121546,0.0003769504243104007,3000
0.00032769589905093225,0.0050000000000000001,1,0,-0.041740677957591288,0.00037682129067705144,3025
0.00032628866402492157,0.0050000000000000001,1,0,-0.0426517706167715,0.00037669046246903496,3050
0.00032489787905052491,0.0050000000000000001,1,0,-0.043578201911827819,0.00037655792314304033,3075
0.00032352322230040187,0.0050000000000000001,1,0,-0.044520256162456917,0.0003764236557949481,3100
0.00032216437791244515,0.0050000000000000001,1,0,-0.045478225260410454,0.00037628764315176584,3125
0.00032082103449415894,0.0050000000000000001,1,0,-0.046452408770278453,0.0003761498675637519,3150
0.00031949288432923256,0.0050000000000000001,1,0,-0.047443114078816961,0.00037601031099662095,3175
0.00031817962331876816,0.0050000000000000001,1,0,-0.048450656620161681,0.00037586895502364536,3200
0.00031688095158582117,0.0050000000000000001,1,0,-0.049475360198130147,0.00037572578081740334,3225
0.00031559657458393091,0.0050000000000000001,1,0,-0.050517557414764269,0.00037558076914089191,3250
0.00031432620448984197,0.0050000000000000001,1,0,-0.051577590203692125,0.00037543390033772646,3275
0.00031306956163471705,0.0050000000000000001,1,0,-0.052655810447049589,0.00037528515432119433,3300
0.00031182637573843604,0.0050000000000000001,1,0,-0.053752580647596915,0.00037513451056201964,3325
0.00031059638675442922,0.0050000000000000001,1,0,-0.054868274606747036,0.00037498194807481368,3350
0.00030937934519978643,0.0050000000000000001,1,0,-0.056003278061666606,0.00037482744540332462,3375
0.00030817501192604164,0.0050000000000000001,1,0,-0.057157989234951856,0.00037467098060473312,3400
0.0003069831573677391,0.0050000000000000001,1,0,-0.058332819255610957,0.00037451253123335198,3425
0.00030580356037701877,0.0050000000000000001,1,0,-0.059528192430548188,0.00037435207432415371,3450
0.00030463600680362516,0.0050000000000000001,1,0,-0.060744546374507991,0.0003741895863765578,3475
0.00030348028800508236,0.0050000000000000001,1,0,-0.061982332014508756,0.00037402504333884732,3500
0.00030233619946947653,0.0050000000000000001,1,0,-0.063242013531066732,0.00037385842059345798,3525
0.00030120353970562795,0.0050000000000000001,1,0,-0.06452406830169366,0.00037368969294320392,3550
0.00030008210950814346,0.0050000000000000001,1,0,-0.065828986933070155,0.00037351883459829107,3575
0.00029897171164603787,0.0050000000000000001,1,0,-0.067157273458633426,0.00037334581916375568,3600
0.00029787215096246163,0.0050000000000000001,1,0,-0.068509445776385292,0.00037317061962677961,3625
0.0002967832348183952,0.0050000000000000001,1,0,-0.069886036371030968,0.00037299320834320994,3650
0.00029570477377217658,0.0050000000000000001,1,0,-0.071287593325337184,0.00037281355702257086,3675
0.00029463658236413665,0.0050000000000000001,1,0,-0.072714681598199604,0.00037263163671091213,3700
0.00029357847987311213,0.0050000000000000001,1,0,-0.074167884501775916,0.00037244741777099833,3725
0.00029253029092788513,0.0050000000000000001,1,0,-0.075647805272751611,0.00037226086985957989,3750
0.00029149184588775806,0.0050000000000000001,1,0,-0.077155068624279011,0.0003720719619017828,3775
0.00029046298094679245,0.0050000000000000001,1,0,-0.078690322153079251,0.00037188066206296098,3800
0.00028944353795919034,0.0050000000000000001,1,0,-0.080254237494727931,0.00037168693771863259,3825
0.00028843336402250869,0.0050000000000000001,1,0,-0.081847511153000596,0.00037149075542332099,3850
0.00028743231088562021,0.0050000000000000001,1,0,-0.083470864978153259,0.00037129208087921132,3875
0.00028644023426609649,0.0050000000000000001,1,0,-0.08512504632267337,0.00037109087890548591,3900
0.00028545699316564398,0.0050000000000000001,1,0,-0.08681082796613282,0.00037088711340901707,3925
0.00028448244926316385,0.0050000000000000001,1,0,-0.088529007945567173,0.00037068074735678894,3950
0.00028351646644558153,0.0050000000000000001,1,0,-0.090280409462820899,0.00037047174275002965,3975
0.00028255891051068651,0.0050000000000000001,1,0,-0.092065881050984899,0.00037026006059960928,4000
0.0002816096490483475,0.0050000000000000001,1,0,-0.093886297166704935,0.00037004566090186448,4025
0.00028066855148091733,0.0050000000000000001,1,0,-0.095742559332393284,0.00036982850261370591,4050
0.0002797354892239834,0.0050000000000000001,1,0,-0.097635597884618619,0.0003696085436256973,4075
0.00027881033591711069,0.0050000000000000001,1,0,-0.099566374314917994,0.00036938574073181049,4100
0.0002778929676716729,0.0050000000000000001,1,0,-0.10153588410366865,0.00036916004959475321,4125
0.00027698326328859108,0.0050000000000000001,1,0,-0.10354515987216928,0.00036893142470613129,4150
0.00027608110441093103,0.0050000000000000001,1,0,-0.10559527463749419,0.00036869981934119071,4175
0.00027518637559213651,0.0050000000000000001,1,0,-0.1076873449321738,0.00036846518550842471,4200
0.00027429896427723279,0.0050000000000000001,1,0,-0.10982253356235105,0.00036822747389484301,4225
0.00027341876070883538,0.0050000000000000001,1,0,-0.11200205184445622,0.0003679866338081088,4250
0.00027254565778010286,0.0050000000000000001,0,0,-0.11422716123536247,0.00036774261311697495,4275
0.00027167955086169235,0.0050000000000000001,0,0,-0.11649917438660395,0.00036749535819145557,4300
0.0002708203376291253,0.0050000000000000001,0,0,-0.11881945575930786,0.00036724481384392511,4325
0.00026996791791157945,0.0050000000000000001,0,0,-0.1211894220408567,0.00036699092327187408,4350
0.00026912219357453596,0.0050000000000000001,0,0,-0.12361054267739746,0.00036673362800241982,4375
0.00026828306843892246,0.0050000000000000001,0,0,-0.12608434086030229,0.00036647286783795521,4400
0.00026745044823040046,0.0050000000000000001,0,0,-0.12861239529468094,0.00036620858080163625,4425
0.00026662424054597184,0.0050000000000000001,0,0,-0.1311963429880052,0.00036594070308085182,4450
0.00026580435482220413,0.0050000000000000001,0,0,-0.13383788319345058,0.00036566916896650593,4475
0.00026499070229044622,0.0050000000000000001,0,0,-0.136538782478965,0.00036539391078592475,4500
0.00026418319590899543,0.0050000000000000001,0,0,-0.1393008807337992,0.00036511485882752281,4525
0.00026338175026917966,0.0050000000000000001,0,0,-0.14212609777223406,0.00036483194125599202,4550
0.00026258628148022339,0.0050000000000000001,0,0,-0.14501644008885251,0.00036454508401765652,4575
0.00026179670704489297,0.0050000000000000001,0,0,-0.14797400725785792,0.00036425421073663696,4600
0.00026101294574279579,0.0050000000000000001,0,0,-0.15100099749804485,0.00036395924260346191,4625
0.0002602349175397598,0.0050000000000000001,0,0,-0.15409971203450823,0.00036366009825857123,4650
0.0002594625435395297,0.0050000000000000001,0,0,-0.15727255806052653,0.00036335669367364826,4675
0.00025869574598833884,0.0050000000000000001,0,0,-0.16052205035225597,0.00036304894203375215,4700
0.00025793444833465296,0.0050000000000000001,0,0,-0.16385081186808748,0.00036273675362274679,4725
0.00025717857533694307,0.0050000000000000001,0,0,-0.16726157393316043,0.00036242003571351333,4750
0.00025642805320336463,0.0050000000000000001,0,0,-0.17075717686680036,0.00036209869246296293,4775
0.00025568280974030478,0.0050000000000000001,0,0,-0.17434057206651232,0.00036177262481006215,4800
0.00025494277448322037,0.0050000000000000001,0,0,-0.17801482664299328,0.00036144173037312482,4825
0.00025420787878378261,0.0050000000000000001,0,0,-0.1817831316328693,0.00036110590334075888,4850
0.0002534780558321866,0.0050000000000000001,0,0,-0.18564881463419169,0.00036076503434930094,4875
0.00025275324060197127,0.0050000000000000001,0,0,-0.18961535737719259,0.00036041901033859175,4900
0.00025203336971564181,0.0050000000000000001,0,0,-0.19368641831954392,0.00036006771437771182,4925
0.00025131838124115485,0.0050000000000000001,0,0,-0.19786585983422356,0.00035971102545297379,4950
0.00025060821444013604,0.0050000000000000001,0,0,-0.20215777900330067,0.00035934881821210316,4975
0.00024990280949684269,0.0050000000000000001,0,0,-0.20656654049071221,0.00035898096266112091,5000
0.00024920210726105238,0.0050000000000000001,0,0,-0.21109680947040488,0.0003586073238138478,5025
0.00024850604903750584,0.0050000000000000001,0,0,-0.21575358222560226,0.00035822776129798995,5050
0.00024781457644921389,0.0050000000000000001,0,0,-0.22054221179644173,0.00035784212892615071,5075
0.000247127631392527,0.0050000000000000001,0,0,-0.2254684260516342,0.00035745027424451662,5100
0.00024644515608964758,0.0050000000000000001,0,0,-0.23053833574419968,0.00035705203807599977,5125
0.00024576709323095424,0.0050000000000000001,0,0,-0.23575843058688406,0.00035664725407787655,5150
0.00024509338618700836,0.0050000000000000001,0,0,-0.24113556207953479,0.00035623574833604503,5175
0.00024442397926021839,0.0050000000000000001,0,0,-0.2466769128083115,0.0003558173390185298,5200
0.00024375881794028913,0.0050000000000000001,0,0,-0.25238995314850854,0.00035539183610944165,5225
0.00024309784912664455,0.0050000000000000001,0,0,-0.25828238775375212,0.00035495904124095186,5250
0.00024244102128515574,0.0050000000000000001,0,0,-0.26436209584153403,0.00035451874763473695,5275
0.00024178828451517956,0.0050000000000000001,0,0,-0.27063707104787227,0.00035407074015564684,5300
0.00024113959051492119,0.0050000000000000001,0,0,-0.27711536845004048,0.00035361479546904717,5325
0.00024049489244683172,0.0050000000000000001,0,0,-0.28380506815869921,0.00035315068227947184,5350
0.00023985414471822437,0.0050000000000000001,0,0,-0.29071426654058996,0.00035267816161220548,5375
0.00023921730270371066,0.0050000000000000001,0,0,-0.29785110751856791,0.0003521969870816517,5400
0.00023858432244384489,0.0050000000000000001,0,0,-0.30522386732661744,0.00035170690507154345,5425
0.0002379551603574802,0.0050000000000000001,0,0,-0.31284110638864604,0.00035120765473319342,5450
0.00023732977300339409,0.0050000000000000001,0,0,-0.32071190137128269,0.00035069896769032352,5475
0.00023670811692003019,0.0050000000000000001,0,0,-0.32884616868818739,0.00035018056732418254,5500
0.00023609014856169062,0.0050000000000000001,0,0,-0.33725508747647837,0.00034965216750263095,5525
0.00023547582433665831,0.0050000000000000001,0,0,-0.34595162502500898,0.00034911347061400015,5550
0.00023486510073928926,0.0050000000000000001,0,0,-0.35495116049412445,0.00034856416477352489,5575
0.00023425793455591194,0.0050000000000000001,0,0,-0.36427219327208604,0.00034800392008997849,5600
0.00023365428311501905,0.0050000000000000001,0,0,-0.37393711034087573,0.00034743238391591106,5625
0.00023305410454693831,0.0050000000000000001,0,0,-0.38397297260110008,0.00034684917505957983,5650
0.0002324573580175642,0.0050000000000000001,0,0,-0.39441226356927928,0.00034625387701276323,5675
0.00023186400390480527,0.0050000000000000001,0,0,-0.40529352593478052,0.0003456460303477024,5700
0.00023127400389452441,0.0050000000000000001,0,0,-0.41666179330945852,0.00034502512455837826,5725
0.00023068732098374448,0.0050000000000000001,0,0,-0.4285687078833007,0.00034439058976390544,5750
0.0002301039193912515,0.0050000000000000001,0,0,-0.44107220200316988,0.00034374178884966902,5775
0.00022952376438777034,0.0050000000000000001,0,0,-0.45423561579536909,0.00034307801078588902,5800
0.00022894682206804338,0.0050000000000000001,0,0,-0.46812612738631287,0.00034239846602015367,5825
0.00022837305909411562,0.0050000000000000001,0,0,-0.48281239071502569,0.00034170228497210352,5850
0.00022780244244209225,0.0050000000000000001,0,0,-0.49836131215261048,0.0003409885207422827,5875
0.0002272349391833088,0.0050000000000000001,0,0,-0.51483395444802227,0.00034025615715677191,5900
0.00022667051632554837,0.0050000000000000001,0,0,-0.53228063732979081,0.00033950412317558309,5925
0.00022610914073146354,0.0050000000000000001,0,0,-0.55073540928492548,0.00033873131446649309,5950
0.00022555077912092696,0.0050000000000000001,0,0,-0.57021019347973834,0.00033793662255998072,5975
0.00022499539815307436,0.0050000000000000001,0,0,-0.59068905867422927,0.00033711897143409351,6000
0.00022444296457375894,0.0050000000000000001,0,0,-0.61212322639778449,0.00033627736061927181,6025
0.00022389344540628845,0.0050000000000000001,0,0,-0.63442758828784918,0.00033541091296553267,6050
0.00022334680815860576,0.0050000000000000001,0,0,-0.65747965840216693,0.00033451892409955812,6075
0.00022280302101899453,0.0050000000000000001,0,0,-0.68112200713699167,0.00033360090936082929,6100
0.00022226205301494943,0.0050000000000000001,0,0,-0.70516929567531861,0.00033265664271237504,6125
0.00022172387411556081,0.0050000000000000001,0,0,-0.72942103016816873,0.00033168618086703623,6150
0.00022118845526577436,0.0050000000000000001,0,0,-0.75368105988513889,0.00033068986477294634,6175
0.00022065576835004572,0.0050000000000000001,0,0,-0.77778463188781188,0.00032966828980134907,6200
0.00022012578609200545,0.0050000000000000001,0,0,-0.80163346969607119,0.00032862223562828597,6225
0.00021959848190459438,0.0050000000000000001,0,0,-0.82523885749549208,0.00032755254705363768,6250
0.00021907382971077317,0.0050000000000000001,0,0,-0.8487720916048147,0.00032645995799797964,6275
0.00021855180375773156,0.0050000000000000001,0,0,-0.87262093407878183,0.00032534485276919042,6300
0.00021803237844727995,0.0050000000000000001,0,0,-0.89744992128294143,0.00032420696145227273,6325
0.00021751552820198895,0.0050000000000000001,0,0,-0.92426162245942578,0.00032304498992617812,6350
0.00021700122738118729,0.0050000000000000001,0,0,-0.9544553151549735,0.00032185618943187679,6375
0.0002164894502539535,0.0050000000000000001,0,0,-0.98987916972259882,0.00032063587557609762,6400
0.00021598017102871721,0.0050000000000000001,0,0,-1.0328720413590418,0.0003193769118101317,6425
0.00021547336393201263,0.0050000000000000001,0,0,-1.0862914648473634,0.00031806917732653224,6450
0.00021496900332317983,0.0050000000000000001,0,0,-1.1535255015755865,0.00031669904345304383,6475
0.00021446706382805754,0.0050000000000000001,0,0,-1.238487702942848,0.00031524888545916336,6500
0.0002139675204733096,0.0050000000000000001,0,0,-1.3455965544578703,0.00031369665773978855,6525
0.00021347034880403324,0.0050000000000000001,0,0,-1.4797432040093099,0.00031201555923205423,6550
0.00021297552497042907,0.0050000000000000001,0,0,-1.6462538639132163,0.00031017381246151301,6575
0.00021248302577405145,0.0050000000000000001,0,0,-1.8508558204568999,0.00030813457382073458,6600
0.00021199282866979192,0.0050000000000000001,0,0,-2.0996583657638439,0.00030585598478873234,6625
0.00021150491172551293,0.0050000000000000001,0,0,-2.3991622049027228,0.00030329136420650796,6650
0.00021101925354639672,0.0050000000000000001,0,0,-2.7563132216339454,0.0003003895309247153,6675
0.00021053583317498905,0.0050000000000000001,0,0,-3.1784300307888316,0.00029709523459988882,6700
0.00021005462998019249,0.0050000000000000001,0,0,-3.2615804620506879,0.00029335007354031002,6725
0.0002095756235489152,0.0050000000000000001,0,0,-2.9820197054141317,0.00028997623525030372,6750
0.00020909879359278584,0.0050000000000000001,0,0,-2.7233337189968552,0.00028694020247315468,6775
0.00020862411987959217,0.0050000000000000001,0,0,-2.4899294714082316,0.0002842053710553035,6800
0.00020815158219534408,0.0050000000000000001,0,0,-2.2845773766955517,0.00028173375131548893,6825
0.00020768116033866084,0.0050000000000000001,0,0,-2.1084708547073205,0.00027948752208934873,6850
0.00020721283414509669,0.0050000000000000001,0,0,-1.9613881277118708,0.00027743036486466171,6875
0.00020674658353556029,0.0050000000000000001,0,0,-1.8419244402125514,0.0002755285320526337,6900
0.00020628238858053951,0.0050000000000000001,0,0,-1.7477621791347246,0.00027375162951626467,6925
0.00020582022957063589,0.0050000000000000001,0,0,-1.6759500053628926,0.00027207311630111035,6950
0.00020536008708398938,0.0050000000000000001,0,0,-1.6231682332809214,0.0002704705425124219,6975
0.00020490194204240958,0.0050000000000000001,0,0,-1.5859646217120371,0.0002689255589118319,7000
0.00020444577575016925,0.0050000000000000001,0,0,-1.5609512402229484,0.00026742373929749809,7025
0.00020399156991208616,0.0050000000000000001,0,0,-1.5449584586424407,0.00026595425978889585,7050
0.00020353930663035943,0.0050000000000000001,0,0,-1.5351461391207977,0.0002645094786755416,7075
0.00020308896838222722,0.0050000000000000001,0,0,-1.5290748599716153,0.00026308445744167847,7100
0.00020264053798259838,0.0050000000000000001,0,0,-1.5247416965798948,0.00026167645878932898,7125
0.00020219399853714889,0.0050000000000000001,0,0,-1.5205859961599799,0.00026028445165569077,7150
0.00020174933339189608,0.0050000000000000001,0,0,-1.5154709508121869,0.00025890864692105695,7175
0.00020130652608497953,0.0050000000000000001,0,0,-1.5086467777059624,0.00025755008116812561,7200
0.00020086556030543207,0.0050000000000000001,0,0,-1.4997010747506465,0.00025621025981756871,7225
0.00020042641986231307,0.0050000000000000001,0,0,-1.488501503307134,0.00025489086547987881,7250
0.00019998908866594099,0.0050000000000000001,0,0,-1.4751353946242034,0.00025359353261220432,7275
0.00019955355072133886,0.0050000000000000001,0,0,-1.4598502097348955,0.0002523196856716632,7300
0.00019911979013261303,0.0050000000000000001,0,0,-1.4429980300817533,0.00025107043497578265,7325
0.00019868779111595269,0.0050000000000000001,0,0,-1.4249864521846121,0.00024984652242282448,7350
0.00019825753801835843,0.0050000000000000001,0,0,-1.4062374462675962,0.0002486483080446181,7375
0.00019782901533907344,0.0050000000000000001,0,0,-1.3871549619309462,0.00024747578797195454,7400
0.00019740220775094606,0.0050000000000000001,0,0,-1.3681013680291016,0.0002463286346624537,7425
0.00019697710011949254,0.0050000000000000001,0,0,-1.3493822351001654,0.00024520625102550077,7450
0.00019655367751811306,0.0050000000000000001,0,0,-1.3312385307285695,0.00024410783122191871,7475
0.00019613192523863229,0.0050000000000000001,0,0,-1.3138450101955641,0.00024303242226529824,7500
0.00019571182879695901,0.0050000000000000001,0,0,-1.2973134413957723,0.00024197898197046933,7525
0.00019529337393413187,0.0050000000000000001,0,0,-1.2816992872606079,0.00024094643016895142,7550
0.00019487654661330149,0.0050000000000000001,0,0,-1.2670105556417184,0.00023993369135575618,7575
0.00019446133301330632,0.0050000000000000001,0,0,-1.2532176866443479,0.00023893972799004666,7600
0.00019404771951947686,0.0050000000000000001,0,0,-1.240263551504313,0.00023796356451455606,7625
0.00019363569271220858,0.0050000000000000001,0,0,-1.2280728587543308,0.0002370043027793921,7650
0.00019322523935375217,0.0050000000000000001,0,0,-1.2165604810645618,0.00023606112996721614,7675
0.00019281634637362369,0.0050000000000000001,0,0,-1.205638413804536,0.0002351333203438323,7700
0.00019240900085308479,0.0050000000000000001,0,0,-1.1952212439011873,0.00023422023223341584,7725
0.00019200319000926971,0.0050000000000000001,0,0,-1.1852301401352179,0.00023332130157623177,7750
0.0001915989011797245,0.0050000000000000001,0,0,-1.1755954728657798,0.0002324360333032371,7775
0.00019119612180832539,0.0050000000000000001,0,0,-1.1662582347953503,0.00023156399158753415,7800
0.00019079483943368426,0.0050000000000000001,0,0,-1.1571704692400999,0.00023070478983345478,7825
0.0001903950416811805,0.0050000000000000001,0,0,-1.1482949238973106,0.00022985808106071041,7850
0.00018999671625962404,0.0050000000000000001,0,0,-1.1396041420823622,0.00022902354914855843,7875
0.00018959985096323793,0.0050000000000000001,0,0,-1.1310791851399244,0.00022820090123322378,7900
0.0001892044336791617,0.0050000000000000001,0,0,-1.1227081539911978,0.00022738986140646269,7925
0.00018881045240006395,0.0050000000000000001,0,0,-1.1144846483505262,0.00022659016574630929,7950
0.00018841789524079376,0.0050000000000000001,0,0,-1.1064062719401591,0.00022580155862232727,7975
0.00018802675045738525,0.0050000000000000001,0,0,-1.0984732631743555,0.00022502379015500176,8000
0.00018763700646626087,0.0050000000000000001,0,0,-1.0906873045762495,0.00022425661466911825,8025
0.00018724865186123935,0.0050000000000000001,0,0,-1.0830505414226081,0.00022349978996045918,8050
0.00018686167542600953,0.0050000000000000001,0,0,-1.0755648211306834,0.00022275307719017248,8075
0.00018647606614009563,0.0050000000000000001,0,0,-1.0682311496927923,0.00022201624122813863,8100
0.00018609181317699746,0.0050000000000000001,0,0,-1.0610493498836604,0.00022128905128231702,8125
0.00018570890589406682,0.0050000000000000001,0,0,-1.0540178976750667,0.00022057128167250626,8150
0.00018532733381468135,0.0050000000000000001,0,0,-1.047133908013393,0.00021986271263174873,8175
0.00018494708660426757,0.0050000000000000001,0,0,-1.040393238315346,0.00021916313104470791,8200
0.00018456815404257123,0.0050000000000000001,0,0,-1.0337906774764178,0.00021847233105810841,8225
0.00018419052599516112,0.0050000000000000001,0,0,-1.027320189367174,0.00021779011452246905,8250
0.00018381419238737724,0.0050000000000000001,0,0,-1.0209751824315845,0.00021711629124593045,8275
0.00018343914318376785,0.0050000000000000001,0,0,-1.0147487806614208,0.00021645067905932353,8300
0.00018306536837548726,0.0050000000000000001,0,0,-1.008634075664304,0.00021579310370634618,8325
0.0001826928579772266,0.0050000000000000001,0,0,-1.0026243444067404,0.0002151433985836439,8350
0.00018232160203411287,0.0050000000000000001,0,0,-0.99671322220660841,0.00021450140436275999,8375
0.00018195159063779133,0.0050000000000000001,0,0,-0.99089482544331986,0.00021386696852954037,8400
0.00018158281394975071,0.0050000000000000001,0,0,-0.98516382300613259,0.00021323994487699384,8425
0.00018121526222901341,0.0050000000000000001,0,0,-0.97951545943669771,0.00021262019298530106,8450
0.00018084892586072191,0.0050000000000000001,0,0,-0.97394553599224309,0.00021200757771819187,8475
0.00018048379538198619,0.0050000000000000001,0,0,-0.96845035819387704,0.00021140196875889743,8500
0.00018011986150164963,0.0050000000000000001,0,0,-0.96302665989514935,0.00021080324020197893,8525
0.00017975711511134475,0.0050000000000000001,0,0,-0.95767151434642983,0.00021021127021018048,8550
0.0001793955472862666,0.0050000000000000001,0,0,-0.95238224234708468,0.0002096259407386384,8575
0.00017903514927535168,0.0050000000000000001,0,0,-0.94715632630800428,0.00020904713732281788,8600
0.00017867591248186315,0.0050000000000000001,0,0,-0.94199133723486739,0.00020847474892183072,8625
0.00017831782843657194,0.0050000000000000001,0,0,-0.9368848793228608,0.00020790866780557302,8650
0.00017796088876664864,0.0050000000000000001,0,0,-0.9318345544299973,0.00020734878947251372,8675
0.00017760508516391377,0.0050000000000000001,0,0,-0.92683794628487703,0.00020679501258490939,8700
0.00017725040935617171,0.0050000000000000001,0,0,-0.92189262218471413,0.00020624723890953013,8725
0.00017689685308496875,0.0050000000000000001,0,0,-0.91699614833510168,0.00020570537325434612,8750
0.0001765444080923113,0.0050000000000000001,0,0,-0.91214611396139844,0.0002051693233946624,8775
0.00017619306611776843,0.0050000000000000001,0,0,-0.90734015900284248,0.00020463899998547939,8800
0.00017584281890609398,0.0050000000000000001,0,0,-0.9025760004917629,0.00020411431645999596,8825
0.00017549365822421399,0.0050000000000000001,0,0,-0.89785145360201568,0.00020359518891681209,8850
0.00017514557588528654,0.0050000000000000001,0,0,-0.89316444462610889,0.00020308153600026834,8875
0.00017479856377669662,0.0050000000000000001,0,0,-0.88851301459658316,0.00020257327877934428,8900
0.00017445261388841196,0.0050000000000000001,0,0,-0.88389531379220898,0.00020207034063060588,8925
0.0001741077183381241,0.0050000000000000001,0,0,-0.87930958866286346,0.0002015726471299406,8950
0.00017376386939005255,0.0050000000000000001,0,0,-0.87475416365782621,0.00020108012595644888,8975
0.00017342105946511612,0.0050000000000000001,0,0,-0.87022742100157302,0.00020059270681011969,9000
0.00017307928114127175,0.0050000000000000001,0,0,-0.86572778147274221,0.00020011032134309878,9025
0.00017273852714404971,0.0050000000000000001,0,0,-0.86125368887201148,0.00019963290310272085,9050
0.00017239879032851331,0.0050000000000000001,0,0,-0.85680360008086609,0.00019916038748324659,9075
0.00017206006365489389,0.0050000000000000001,0,0,-0.8523759816562233,0.00019869271168256316,9100
0.00017172234016087941,0.0050000000000000001,0,0,-0.84796931282357946,0.00019822981466002942,9125
0.00017138561293387477,0.0050000000000000001,0,0,-0.84358209380525295,0.00019777163709213639,9150
0.00017104987508648106,0.0050000000000000001,0,0,-0.83921285764608911,0.00019731812132360116,9175
0.00017071511973796436,0.0050000000000000001,0,0,-0.83486018327926104,0.00019686921131273742,9200
0.00017038134000369314,0.0050000000000000001,0,0,-0.83052270753159974,0.00019642485257125687,9225
0.00017004852899349276,0.0050000000000000001,0,0,-0.82619913400912992,0.00019598499209984925,9250
0.00016971667981876439,0.0050000000000000001,0,0,-0.82188823740784756,0.00019554957832179708,9275
0.00016938578560715282,0.0050000000000000001,0,0,-0.81758886253146557,0.00019511856101738764,9300
0.00016905583952267112,0.0050000000000000001,0,0,-0.81329991813527158,0.00019469189126194316,9325
0.00016872683478859549,0.0050000000000000001,0,0,-0.80902036647262321,0.00019426952136991144,9350
0.00016839876471019526,0.0050000000000000001,0,0,-0.80474921003838062,0.00019385140484673284,9375
0.00016807162269448473,0.0050000000000000001,0,0,-0.80048547734190834,0.00019343749634924496,9400
0.00016774540226463804,0.0050000000000000001,0,0,-0.79622820963004415,0.00019302775165435954,9425
0.00016742009706744292,0.0050000000000000001,0,0,-0.79197645025715246,0.00019262212763479993,9450
0.00016709570087306781,0.0050000000000000001,0,0,-0.78772923795759198,0.00019222058223995197,9475
0.00016677220756737175,0.0050000000000000001,0,0,-0.7834856046774803,0.00019182307447945538,9500
0.00016644961113788145,0.0050000000000000001,0,0,-0.77924457793073998,0.00019142956440708516,9525
0.00016612790565527524,0.0050000000000000001,0,0,-0.7750051870225434,0.00019104001310273915,9550
0.00016580708525268197,0.0050000000000000001,0,0,-0.77076647199100989,0.0001906543826508979,9575
0.00016548714410527065,0.0050000000000000001,0,0,-0.76652749375148233,0.00019027263611466312,9600
0.00016516807641246399,0.0050000000000000001,0,0,-0.76228734390497266,0.00018989473750529687,9625
0.0001648498763846944,0.0050000000000000001,0,0,-0.75804515274376172,0.00018952065174795046,9650
0.00016453253823599023,0.0050000000000000001,0,0,-0.75380009436503315,0.00018915034464489326,9675
0.00016421605618292218,0.0050000000000000001,0,0,-0.74955138826589973,0.00018878378283794118,9700
0.00016390042444965771,0.0050000000000000001,0,0,-0.74529829729658559,0.0001884209337719101,9725
0.00016358563727815275,0.0050000000000000001,0,0,-0.74104012240809425,0.00018806176566077515,9750
0.00016327168894194886,0.0050000000000000001,0,0,-0.73677619501086156,0.00018770624745784872,9775
0.00016295857376169299,0.0050000000000000001,0,0,-0.73250586808353546,0.00018735434883075747,9800
0.00016264628612039288,0.0050000000000000001,0,0,-0.728228507228323,0.00018700604014139455,9825
0.00016233482047655991,0.0050000000000000001,0,0,-0.72394348285706656,0.00018666129243043281,9850
0.00016202417137374539,0.0050000000000000001,0,0,-0.71965016440958607,0.00018632007740549262,9875
0.00016171433344549022,0.0050000000000000001,0,0,-0.7153479171863637,0.00018598236743172386,9900
0.00016140530141530533,0.0050000000000000001,0,0,-0.71103610199020295,0.0001856481355234181,9925
0.00016109707009191385,0.0050000000000000001,0,0,-0.70671407734994318,0.00018531735533532529,9950
0.00016078963436053114,0.0050000000000000001,0,0,-0.70238120377189261,0.00018499000115257774,9975
0.00016048298917137465,0.0050000000000000001,0,0,-0.69803684924681875,0.00018466604787848169,10000
0.00016017712952685049,0.0050000000000000001,0,0,-0.69368039510868584,0.00018434547101986323,10025
0.00015987205046892022,0.0050000000000000001,0,0,-0.68931124136793187,0.00018402824667008275,10050
0.00015956774706803178,0.0050000000000000001,0,0,-0.68492881082397616,0.00018371435149020255,10075
0.00015926421441472203,0.0050000000000000001,0,0,-0.68053255144400282,0.00018340376268906108,10100
0.00015896144761460575,0.0050000000000000001,0,0,-0.67612193681270583,0.00018309645800314243,10125
0.00015865944178702568,0.0050000000000000001,0,0,-0.67169646473462308,0.00018279241567713034,10150
0.00015835819206719084,0.0050000000000000001,0,0,-0.66725565431738687,0.00018249161444590844,10175
0.00015805769361124222,0.0050000000000000001,0,0,-0.66279904204020568,0.00018219403351855116,10200
0.00015775794160339301,0.0050000000000000001,0,0,-0.65832617741125432,0.00018189965256457501,10225
0.00015745893126412329,0.0050000000000000001,0,0,-0.65383661880719046,0.00018160845170243719,10250
0.0001571606578583734,0.0050000000000000001,0,0,-0.64932993000616079,0.00018132041149001744,10275
0.00015686311670277326,0.0050000000000000001,0,0,-0.64480567776331554,0.00018103551291662971,10300
0.00015656630317114158,0.0050000000000000001,0,0,-0.6402634306211894,0.00018075373739600713,10325
0.00015627021269775263,0.0050000000000000001,0,0,-0.63570275890901939,0.00018047506675968595,10350
0.0001559748407781722,0.0050000000000000001,0,0,-0.63112323576956442,0.00018019948325028067,10375
0.00015568018296775016,0.0050000000000000001,0,0,-0.62652443890465292,0.00017992696951426635,10400
0.0001553862348781142,0.0050000000000000001,0,0,-0.62190595266565651,0.0001796575085940479,10425
0.00015509299217218928,0.0050000000000000001,0,0,-0.6172673701421445,0.00017939108391926362,10450
0.000154800450558374,0.0050000000000000001,0,0,-0.61260829492789526,0.00017912767929742092,10475
0.0001545086057845259,0.0050000000000000001,0,0,-0.60792834235121518,0.00017886727890407394,10500
0.00015421745363234756,0.0050000000000000001,0,0,-0.60322714008066214,0.00017860986727281407,10525
0.00015392698991265668,0.0050000000000000001,0,0,-0.59850432810458187,0.00017835542928535441,10550
0.00015363721046186574,0.0050000000000000001,0,0,-0.59375955819950832,0.00017810395016195271,10575
0.00015334811113983067,0.0050000000000000001,0,0,-0.58899249305841295,0.00017785541545234783,10600
0.00015305968782907089,0.0050000000000000001,0,0,-0.58420280527207069,0.00017760981102730116,10625
0.00015277193643522743,0.0050000000000000001,0,0,-0.57939017634475931,0.00017736712307074812,10650
0.00015248485288852815,0.0050000000000000001,0,0,-0.57455429586752871,0.00017712733807249826,10675
0.00015219843314597664,0.0050000000000000001,0,0,-0.56969486094908461,0.0001768904428213786,10700
0.00015191267319396046,0.0050000000000000001,0,0,-0.56481157588677888,0.00017665642439870197,10725
0.00015162756905099772,0.0050000000000000001,0,0,-0.55990415203427801,0.00017642527017195612,10750
0.0001513431167703748,0.0050000000000000001,0,0,-0.55497230777064033,0.00017619696778864449,10775
0.00015105931244248038,0.0050000000000000001,0,0,-0.550015768474168,0.00017597150517025418,10800
0.00015077615219669823,0.0050000000000000001,0,0,-0.545034266401899,0.00017574887050636939,10825
0.00015049363220276068,0.0050000000000000001,0,0,-0.54002754041721346,0.00017552905224898086,10850
0.00015021174867150787,0.0050000000000000001,0,0,-0.53499533556055212,0.00017531203910705319,10875
0.00014993049785502305,0.0050000000000000001,0,0,-0.52993740251713461,0.00017509782004140398,10900
0.00014964987604613279,0.0050000000000000001,0,0,-0.52485349704829787,0.00017488638425991763,10925
0.00014936987957728392,0.0050000000000000001,0,0,-0.51974337952356109,0.00017467772121307508,10950
0.00014909050481882603,0.0050000000000000001,0,0,-0.51460681465550806,0.00017447182058973236,10975
0.00014881174817675668,0.0050000000000000001,0,0,-0.50944357152911834,0.00017426867231303905,11000
0.0001485336060900248,0.0050000000000000001,0,0,-0.5042534239807992,0.00017406826653636052,11025
0.00014825607502753042,0.0050000000000000001,0,0,-0.49903615132029699,0.00017387059363906376,11050
0.00014797915148500145,0.0050000000000000001,0,0,-0.49379153929521635,0.00017367564422204624,11075
0.00014770283198197077,0.0050000000000000001,0,0,-0.48851938120606064,0.00017348340910293186,11100
0.00014742711305910203,0.0050000000000000001,0,0,-0.48321947897261452,0.00017329387931091963,11125
0.00014715199127611671,0.0050000000000000001,0,0,-0.47789164398932371,0.0001731070460813415,11150
0.00014687746321054757,0.0050000000000000001,0,0,-0.4725356976052808,0.00017292290085005235,11175
0.00014660352545749217,0.0050000000000000001,0,0,-0.46715147110080579,0.00017274143524783001,11200
0.00014633017463044963,0.0050000000000000001,0,0,-0.46173880513219956,0.00017256264109499083,11225
0.00014605740736321657,0.0050000000000000001,0,0,-0.45629754864899041,0.00017238651039642821,11250
0.00014578522031269821,0.0050000000000000001,0,0,-0.45082755740827452,0.00017221303533724797,11275
0.00014551361016237169,0.0050000000000000001,0,0,-0.4453286922607731,0.00017204220827911633,11300
0.00014524257362603867,0.0050000000000000001,0,0,-0.43980081741051436,0.00017187402175735476,11325
0.00014497210745144251,0.0050000000000000001,0,0,-0.43424379890939235,0.0001717084684787274,11350
0.00014470220842330083,0.0050000000000000001,0,0,-0.42865750357418619,0.00017154554131978099,11375
0.00014443287336534516,0.0050000000000000001,0,0,-0.42304179849475076,0.00017138523332552833,11400
0.00014416409914104147,0.0050000000000000001,0,0,-0.41739655121637043,0.00017122753770822238,11425
0.00014389588265280393,0.0050000000000000001,0,0,-0.41172163058490696,0.00017107244784596225,11450
0.00014362822083967917,0.0050000000000000001,0,0,-0.40601690815174152,0.0001709199572808966,11475
0.00014336111067366243,0.0050000000000000001,0,0,-0.40028225995865796,0.0001707700597168519,11500
0.00014309454915497838,0.0050000000000000001,0,0,-0.3945175684593778,0.000170622749016297,11525
0.00014282853330680376,0.0050000000000000001,0,0,-0.38872272431626698,0.00017047801919665292,11550
0.00014256306016999833,0.0050000000000000001,0,0,-0.38289762781960235,0.00017033586442605615,11575
0.00014229812679844093,0.0050000000000000001,0,0,-0.37704218972135095,0.00017019627901876635,11600
0.00014203373025551636,0.0050000000000000001,0,0,-0.37115633136932047,0.00017005925743046897,11625
0.00014176986761218859,0.0050000000000000001,0,0,-0.36523998408620173,0.00016992479425374934,11650
0.00014150653594691465,0.0050000000000000001,0,0,-0.35929308787922309,0.00016979288421400046,11675
0.00014124373234744814,0.0050000000000000001,0,0,-0.35331558962957388,0.00016966352216598151,11700
0.0001409814539143452,0.0050000000000000001,0,0,-0.34730744098897048,0.00016953670309116607,11725
0.0001407196977657787,0.0050000000000000001,0,0,-0.34126859625735051,0.00016941242209592364,11750
0.00014045846104309063,0.0050000000000000001,0,0,-0.33519901050794942,0.00016929067441047701,11775
0.0001401977409164089,0.0050000000000000001,0,0,-0.32909863820441387,0.00016917145538848441,11800
0.00013993753458962533,0.0050000000000000001,0,0,-0.32296743247843551,0.00016905476050702302,11825
0.00013967783930409288,0.0050000000000000001,0,0,-0.31680534515407999,0.00016894058536670554,11850
0.00013941865234054076,0.0050000000000000001,0,0,-0.31061232751608259,0.00016882892569165564,11875
0.00013915997101891228,0.0050000000000000001,0,0,-0.30438833168773272,0.00016871977732909474,11900
0.00013890179269608131,0.0050000000000000001,0,0,-0.29813331246486996,0.00016861313624835341,11925
0.00013864411476165829,0.0050000000000000001,0,0,-0.29184722931404394,0.00016850899853920409,11950
0.00013838693463234154,0.0050000000000000001,0,0,-0.28553004830746431,0.00016840736040950698,11975
0.0001381302497454536,0.0050000000000000001,0,0,-0.27918174370688575,0.00016830821818225757,12000
0.00013787405755241524,0.0050000000000000001,0,0,-0.27280229900998165,0.00016821156829220502,12025
0.00013761835551292853,0.0050000000000000001,0,0,-0.26639170730140904,0.00016811740728227021,12050
0.00013736314109056593,0.0050000000000000001,0,0,-0.25994997088764649,0.00016802573180002108,12075
0.00013710841175029788,0.0050000000000000001,0,0,-0.25347710024061598,0.00016793653859445618,12100
0.00013685416495825712,0.0050000000000000001,0,0,-0.24697311239606279,0.00016784982451331022,12125
0.00013660039818376766,0.0050000000000000001,0,0,-0.24043802901860545,0.00016776558650103191,12150
0.00013634710890338304,0.0050000000000000001,0,0,-0.23387187435082524,0.00016768382159750009,12175
0.00013609429460642976,0.0050000000000000001,0,0,-0.22727467333470486,0.00016760452693745723,12200
0.00013584195280136042,0.0050000000000000001,0,0,-0.22064645009913875,0.00016752769975055321,12225
0.00013559008102211398,0.0050000000000000001,0,0,-0.21398722701587758,0.00016745333736182413,12250
0.00013533867683367798,0.0050000000000000001,0,0,-0.20729702440576148,0.00016738143719238519,12275
0.00013508773783613902,0.0050000000000000001,0,0,-0.20057586092616475,0.00016731199676009993,12300
0.00013483726166669735,0.0050000000000000001,0,0,-0.1938237545582524,0.00016724501368000198,12325
0.00013458724599937167,0.0050000000000000001,0,0,-0.18704072406853811,0.00016718048566428611,12350
0.00013433768854240874,0.0050000000000000001,0,0,-0.18022679071918901,0.00016711841052174952,12375
0.0001340885870337006,0.0050000000000000001,0,0,-0.17338198002607896,0.00016705878615663882,12400
0.00013383993923476301,0.0050000000000000001,0,0,-0.16650632331766246,0.00016700161056693987,12425
0.00013359174292400903,0.0050000000000000001,0,0,-0.15959985890367534,0.00016694688184221883,12450
0.00013334399589013833,0.0050000000000000001,0,0,-0.15266263270768832,0.00016689459816118178,12475
0.00013309669592645172,0.0050000000000000001,0,0,-0.14569469828120418,0.0001668447577891557,12500
0.00013284984082677478,0.0050000000000000001,0,0,-0.13869611620202704,0.00016679735907570246,12525
0.00013260342838347674,0.0050000000000000001,0,0,-0.13166695293193698,0.00016675240045256268,12550
0.00013235745638779766,0.0050000000000000001,0,0,-0.12460727927145854,0.00016670988043208503,12575
0.00013211192263240672,0.0050000000000000001,0,0,-0.11751716859771477,0.00016666979760623899,12600
0.00013186682491583065,0.0050000000000000001,0,0,-0.11039669510228123,0.0001666321506462406,12625
0.00013162216104815533,0.0050000000000000001,0,0,-0.10324593221321265,0.00016659693830275052,12650
0.00013137792885724889,0.0050000000000000001,0,0,-0.096064951400421705,0.0001665641594065395,12675
0.00013113412619468882,0.0050000000000000001,0,0,-0.088853821486736706,0.00016653381286946614,12700
0.00013089075094062827,0.0050000000000000001,0,0,-0.081612608515570173,0.00016650589768558269,12725
0.0001306478010069743,0.0050000000000000001,0,0,-0.07434137619975445,0.00016648041293217564,12750
0.00013040527433847823,0.0050000000000000001,0,0,-0.067040186856957007,0.0001664573577705637,12775
0.00013016316891161211,0.0050000000000000001,0,0,-0.059709102715714835,0.00016643673144651322,12800
0.00012992148273139101,0.0050000000000000001,0,0,-0.052348187412917468,0.00016641853329018086,12825
0.0001296802138265672,0.0050000000000000001,0,0,-0.04495750749583749,0.00016640276271555744,12850
0.00012943936024382722,0.0050000000000000001,0,0,-0.037537133739988349,0.00016638941921944968,12875
0.00012919892004174138,0.0050000000000000001,0,0,-0.030087142110005516,0.00016637850238009541,12900
0.0001289588912852415,0.0050000000000000001,0,0,-0.022607614237131202,0.00016637001185555465,12925
0.0001287192720413138,0.0050000000000000001,0,0,-0.015098637360551947,0.00016636394738204905,12950
0.00012848006037642816,0.0050000000000000001,0,0,-0.0075603037139444496,0.0001663603087724298,12975
0.00012824125435598538,0.0050000000000000001,0,0,-0.0037874512938286583,0.00016635909591494296,13000
0.0010160252220971285,0.080000000000000002,0,0,-0.00044607989830773803,0.00045531293212755936,400
0.00095651946951340338,0.080000000000000002,0,0,-0.00094817959228521431,0.00045530061907286112,425
0.00090068959991875387,0.080000000000000002,0,0,-0.0019821590401676303,0.00045526362522062703,450
0.00084898394430344489,0.080000000000000002,0,0,-0.0031344997360633897,0.00045520178638255914,475
0.00080169248418641428,0.080000000000000002,0,0,-0.0044117427819685417,0.00045511482846899312,500
0.00075894079249765522,0.080000000000000002,0,0,-0.0058214946389796296,0.0004550023667243741,525
0.00072069301526358218,0.080000000000000002,0,0,-0.007372474924125072,0.00045486390446526051,550
0.00068676515596614222,0.080000000000000002,0,0,-0.0090745823692657268,0.0004546988311525202,575
0.00065684845917504968,0.080000000000000002,0,0,-0.01093898198526233,0.00045450641961510799,600
0.0006305408558355415,0.080000000000000002,0,0,-0.012978215018620176,0.00045428582225418522,625
0.00060738281736632659,0.080000000000000002,0,0,-0.015206331047707522,0.00045403606609834056,650
0.00058689316284752247,0.080000000000000002,0,0,-0.01763903858203264,0.00045375604665658651,675
0.00056860065694049132,0.080000000000000002,0,0,-0.020293866947184824,0.00045344452062614658,700
0.00055206845918671769,0.080000000000000002,0,0,-0.023190328368670521,0.00045310009765336359,725
0.0005369101460095233,0.080000000000000002,0,0,-0.026350065464157524,0.00045272123150999494,750
0.00052279758414794765,0.080000000000000002,0,0,-0.029796966417279691,0.00045230621121985289,775
0.00050946202855217486,0.080000000000000002,0,0,-0.033557228623294577,0.00045185315283301263,800
0.00049669034284727373,0.080000000000000002,0,0,-0.03765935227423256,0.00045135999267314705,825
0.00048431828232469327,0.080000000000000002,0,0,-0.042134048777114685,0.00045082448295228087,850
0.00047222250770612677,0.080000000000000002,0,0,-0.047014055425790957,0.00045024419063163681,875
0.00046031257989998729,0.080000000000000002,0,0,-0.052333857349680102,0.0004496165002874076,900
0.00044852374520952965,0.080000000000000002,0,0,-0.058129329913839456,0.00044893862150556296,925
0.00043681093057242227,0.080000000000000002,0,0,-0.064437328383974091,0.00044820760098273705,950
0.00042514406353140553,0.080000000000000002,0,0,-0.071295265210522984,0.00044742033906953462,975
0.00041350462009764828,0.080000000000000002,0,0,-0.078740726790982762,0.00044657360999398189,1000
0.0004018831790094202,0.080000000000000002,0,0,-0.086811189015037371,0.00044566408449719317,1025
0.00039027770899778243,0.080000000000000002,0,0,-0.095543892579286194,0.0004446883531612884,1050
0.00037869231912537394,0.080000000000000002,0,0,-0.10497593409266415,0.0004436429483727652,1075
0.00036713624304979796,0.080000000000000002,0,0,-0.11514461783488628,0.00044252436269341791,1100
0.00035562288943130952,0.080000000000000002,0,0,-0.12608809794539866,0.0004413290614310527,1125
0.00034416885845755819,0.080000000000000002,0,0,-0.13784632622119375,0.00044005348740021251,1150
0.00033279288770889532,0.080000000000000002,0,0,-0.15046231315844238,0.00043869405617487741,1175
0.0003215147420093123,0.080000000000000002,0,0,-0.16398371780744014,0.00043724714043974657,1200
0.0003103540975456521,0.080000000000000002,0,0,-0.17846481487984533,0.00043570904216838147,1225
0.00029932948931913971,0.080000000000000002,0,0,-0.19396895458115182,0.00043407595107681758,1250
0.00028845739409061132,0.080000000000000002,0,0,-0.21057173915593808,0.00043234388688373124,1275
0.00027775151114583179,0.080000000000000002,0,0,-0.22836529357573454,0.00043050862113416506,1300
0.000267222284150731,0.080000000000000002,0,0,-0.2474642038598347,0.00042856557155740731,1325
0.00025687668320471693,0.080000000000000002,0,0,-0.26801392560082604,0.0004265096580875507,1350
0.00024671824096886909,0.080000000000000002,0,0,-0.2902027099693214,0.00042433510489347576,1375
0.00023674731397950799,0.080000000000000002,0,0,-0.3142783305210628,0.00042203516735359476,1400
0.00022696152265390052,0.080000000000000002,0,0,-0.34057109364132998,0.00041960175738652884,1425
0.00021735631269210952,0.080000000000000002,0,0,-0.3695247531439918,0.00041702493561477511,1450
0.00020792557708123642,0.080000000000000002,0,0,-0.40173701283302421,0.00041429223531878949,1475
0.00019866228117072137,0.080000000000000002,0,1,-0.43801130462242099,0.00041138778186382784,1500
0.00018955904194590688,0.080000000000000002,0,1,-0.47942153662182818,0.0004082911729152421,1525
0.00018060862482360159,0.080000000000000002,0,1,-0.52739165187114168,0.00040497608957174377,1550
0.00017180433502896622,0.080000000000000002,0,1,-0.58379236839013515,0.00040140861614952633,1575
0.000163140294061683,0.080000000000000002,0,1,-0.65105878269508821,0.00039754525538776645,1600
0.00015461160349275422,0.080000000000000002,0,1,-0.73233523296073599,0.000393330633678593,1625
0.00014621440743453178,0.080000000000000002,0,1,-0.83165890301557965,0.00038869489328267708,1650
0.00013794587109869729,0.080000000000000002,0,1,-0.95420267001219372,0.00038355075903220815,1675
0.00012980409595092219,0.080000000000000002,0,1,-1.1066133537163978,0.00037779023658016353,1700
0.00012178799246759954,0.080000000000000002,0,1,-1.2975088159968209,0.00037128083428994766,1725
0.00011389712997719671,0.080000000000000002,0,1,-1.538246237104488,0.00036386108002947262,1750
0.00010613158017906604,0.080000000000000002,0,1,-1.84416544153936,0.00035533489059798339,1775
9.849176730612626e-05,0.080000000000000002,0,1,-2.2366928166008506,0.00034546397549640209,1800
9.0978334075895727e-05,0.080000000000000002,0,1,-2.7470774271282039,0.00033395677473151998,1825
8.359202897263978e-05,0.080000000000000002,0,1,-2.9914450779656931,0.0003204511239710065,1850
7.6333617300858368e-05,0.080000000000000002,0,1,-2.9028271238622665,0.00030801278107677832,1875
6.9203815996937468e-05,0.080000000000000002,0,1,-2.8094014448719236,0.00029657497090786883,1900
6.220325042278761e-05,0.080000000000000002,0,1,-2.716275956174627,0.00028605641013611753,1925
5.5332430252759911e-05,0.080000000000000002,0,1,-2.6280596180081375,0.00027636652471946336,1950
4.8591741012396893e-05,0.080000000000000002,0,1,-2.548546766776326,0.0002674105895552025,1975
4.198144772538816e-05,0.080000000000000002,0,1,-2.4805240973252012,0.0002590943905825075,2000
3.5501707384790586e-05,0.080000000000000002,0,1,-2.4257093040905033,0.00025132810647145632,2025
2.9152587595424193e-05,0.080000000000000002,0,1,-2.3848063761176945,0.00024402923340252679,2050
2.2934090117379201e-05,0.080000000000000002,0,1,-2.3576467070400895,0.00023712450541129627,2075
1.6846182382783529e-05,0.080000000000000002,0,1,-2.3433792206380986,0.00023055087240176668,2100
1.0888862830841331e-05,0.080000000000000002,0,1,-2.3406750898875543,0.00022425567544315367,2125
5.0625348200840171e-06,0.080000000000000002,0,1,-2.3479201622730557,0.00021819620107576464,2150
6.5046169546013606e-07,0.080000000000000002,0,1,-2.3633776368042163,0.00021233880692398175,2175
6.204767499074224e-06,0.080000000000000002,0,1,-2.3853124697952239,0.00020665779768506748,2200
1.164103220575514e-05,0.080000000000000002,0,1,-2.4120761260091399,0.00020113420227429779,2225
1.6947794955803617e-05,0.080000000000000002,0,1,-2.4421552534491866,0.00019575456743617365,2250
2.2124797278950163e-05,0.080000000000000002,0,1,-2.4741908050906432,0.00019050984661167394,2275
2.7172022129351005e-05,0.080000000000000002,0,1,-2.5069754507667312,0.00018539442950342875,2300
3.2089494971164489e-05,0.080000000000000002,0,1,-2.5394372397899474,0.00018040533011973704,2325
3.6877259088636768e-05,0.080000000000000002,0,1,-2.5706167553820478,0.00017554153025655848,2350
4.1535374960466831e-05,0.080000000000000002,0,1,-2.5996437380933912,0.00017080346152702962,2375
4.6063924726286866e-05,0.080000000000000002,0,1,-2.6257175814880043,0.00016619260158352302,2400
5.0463017363469713e-05,0.080000000000000002,0,1,-2.6480944150047208,0.00016171115803994033,2425
5.4732793138705229e-05,0.080000000000000002,0,1,-2.6660818540339619,0.00015736181547402114,2450
5.8873426821591312e-05,0.080000000000000002,0,1,-2.6790410580325101,0.00015314752537317266,2475
6.2885129573452315e-05,0.080000000000000002,0,1,-2.6863946057966928,0.00014907132465495344,2500
6.676814967170642e-05,0.080000000000000002,0,1,-2.687637948384463,0.00014513617430365026,2525
7.0522772373650782e-05,0.080000000000000002,0,1,-2.6823518689294588,0.00014134481484093348,2550
7.414931928453525e-05,0.080000000000000002,0,1,-2.6702134557418731,0.00013769963921829749,2575
7.7648147585534816e-05,0.080000000000000002,0,1,-2.651003529486843,0.0001342025860132289,2600
8.101964941289918e-05,0.080000000000000002,0,1,-2.624609168156212,0.00013085505653485577,2625
8.4264251579821257e-05,0.080000000000000002,0,1,-2.5910208276349067,0.00012765785882251041,2650
8.7382415719444544e-05,0.080000000000000002,0,1,-2.5503244280833997,0.00012461117992628747,2675
9.0374638822011348e-05,0.080000000000000002,0,1,-2.5026895359360992,0.00012171458574081,2700
9.3241454058331851e-05,0.080000000000000002,0,1,-2.4483553074650217,0.00011896704547218858,2725
9.598343173587877e-05,0.080000000000000002,0,1,-2.3876160998793807,0.00011636697594295808,2750
9.8601180225622715e-05,0.080000000000000002,0,1,-2.3208085767876696,0.0001139122996636163,2775
0.00010109534672276151,0.080000000000000002,0,1,-2.2483017662913198,0.00011160051007413361,2800
0.00010346661775277107,0.080000000000000002,0,1,-2.1704909478861509,0.00010942873760243518,2825
0.00010571571939270758,0.080000000000000002,0,1,-2.0877955555259859,0.00010739381110057599,2850
0.00010784341723322969,0.080000000000000002,0,1,-2.0006606061001548,0.00010549231061936432,2875
0.00010985051614856013,0.080000000000000002,0,1,-1.9095606024990275,0.00010372060913946561,2900
0.00011173785996294746,0.080000000000000002,0,1,-1.815004498196231,0.00010207490255724216,2925
0.00011350633110151943,0.080000000000000002,0,1,-1.7175401874540057,0.00010055122872156177,2950
0.00011515685029387728,0.080000000000000002,0,1,-1.6177571021074755,9.9145477481655926e-05,2975
0.00011669037636707343,0.080000000000000002,0,1,-1.5162858155075583,9.7853394449565607e-05,3000
0.00011810790612920873,0.080000000000000002,0,1,-1.413794012182052,9.6670581483953593e-05,3025
0.00011941047431405281,0.080000000000000002,0,1,-1.3109786992762338,9.5592496803066908e-05,3050
0.000120599153537171,0.080000000000000002,0,1,-1.2085550334497839,9.4614457214191663e-05,3075
0.0001216750542082847,0.080000000000000002,0,1,-1.1072425469257041,9.3731644310586764e-05,3100
0.00012263932435277309,0.080000000000000002,0,1,-1.0077498320937366,9.2939115746854686e-05,3125
0.00012349314931400638,0.080000000000000002,0,1,-0.91075886411658757,9.2231821963432328e-05,3150
0.00012423775133216971,0.080000000000000002,0,1,-0.81691010940971864,9.1604628073616864e-05,3175
0.00012487438901827034,0.080000000000000002,0,1,-0.72678940971957218,9.1052340108956184e-05,3200
0.00012540435675870219,0.080000000000000002,0,1,-0.64091738556726341,9.0569734469487731e-05,3225
0.0001258289840925395,0.080000000000000002,0,1,-0.55974181337455775,9.0151589247194222e-05,3250
0.00012614963509963831,0.080000000000000002,0,1,-0.4836331395764546,8.9792716066999732e-05,3275
0.0001263677078242344,0.080000000000000002,0,1,-0.41288303627914047,8.9487991189203989e-05,3300
0.00012648463373972186,0.080000000000000002,0,1,-0.34770569900467763,8.9232384803669915e-05,3325
0.00012650187724048609,0.080000000000000002,0,1,-0.28824144816326225,8.9020987682278329e-05,3350
0.00012642093513086323,0.080000000000000002,0,1,-0.23456212206474447,8.8849034609272184e-05,3375
0.00012624333607322969,0.080000000000000002,0,1,-0.18667773262848186,8.8711924253121098e-05,3400
0.00012597063995871614,0.080000000000000002,0,1,-0.14454388310298327,8.8605235360318877e-05,3425
0.00012560443717470171,0.080000000000000002,0,1,-0.1080695060418293,8.8524739330529911e-05,3450
0.00012514634776059549,0.080000000000000002,0,1,-0.077124556239141384,8.8466409369586342e-05,3475
0.00012459802046349477,0.080000000000000002,0,1,-0.051547376077337503,8.8426426512713314e-05,3500
0.0001239611317235987,0.080000000000000002,0,1,-0.031151531437899393,8.8401182868942411e-05,3525
0.00012323738463163652,0.080000000000000002,0,1,-0.015731989283040093,8.8387282464688093e-05,3550
0.0001224285079042433,0.080000000000000002,0,1,-0.0050705700978141977,8.8381540066318685e-05,3575
0.00012153625491725871,0.080000000000000002,0,1,0.0010593417939617211,8.8380978344612142e-05,3600
0.00012056240282248038,0.080000000000000002,0,1,0.0028888093632986056,8.8382823714096032e-05,3625
0.00011950875175339157,0.080000000000000002,0,1,0.00065002850078599295,8.8384501142540795e-05,3650
0.00011837712410389107,0.080000000000000002,0,1,-0.0054263751624148426,8.8383628184596948e-05,3675
0.00011716936384546441,0.080000000000000002,0,1,-0.015113509520460866,8.8378008452189821e-05,3700
0.00011588733583633462,0.080000000000000002,0,1,-0.028189911996264527,8.8365624695441872e-05,3725
0.00011453292507333295,0.080000000000000002,0,1,-0.044440847432269948,8.8344631633409455e-05,3750
0.00011310803584414226,0.080000000000000002,0,1,-0.063659270306288818,8.8313348644868204e-05,3775
0.00011161459075285162,0.080000000000000002,0,1,-0.085646505324007194,8.8270252406112945e-05,3800
0.00011005452961247055,0.080000000000000002,0,1,-0.11021269165655667,8.8213969544993908e-05,3825
0.00010842980822021745,0.080000000000000002,0,1,-0.13717702796327558,8.8143269367442617e-05,3850
0.00010674239705080959,0.080000000000000002,0,1,-0.16636784855245423,8.8057056703472227e-05,3875
0.00010499427991603224,0.080000000000000002,0,1,-0.1976225558923943,8.7954364912864864e-05,3900
0.00010318745264320613,0.080000000000000002,0,1,-0.23078743125950041,8.7834349085321088e-05,3925
0.00010132392182013051,0.080000000000000002,0,1,-0.26571734326125807,8.7696279464797924e-05,3950
9.9405703640760703e-05,0.080000000000000002,0,1,-0.30227537291045792,8.7539535122463746e-05,3975
9.7434822866869738e-05,0.080000000000000002,0,1,-0.34033237329583699,8.7363597896880426e-05,4000
9.5413311899821877e-05,0.080000000000000002,0,1,-0.37976648118478806,8.7168046613746313e-05,4025
9.3343209937184841e-05,0.080000000000000002,0,1,-0.42046259677374564,8.6952551591123475e-05,4050
9.1226562174625343e-05,0.080000000000000002,0,1,-0.46231184603459496,8.6716869429995705e-05,4075
8.9065419006699971e-05,0.080000000000000002,0,1,-0.50521103771075104,8.6460838084744001e-05,4100
8.6861835181671984e-05,0.080000000000000002,0,1,-0.54906212417301958,8.6184372204066179e-05,4125
8.461786887471227e-05,0.080000000000000002,0,1,-0.59377167234697481,8.5887458730208753e-05,4150
8.2335580658791615e-05,0.080000000000000002,0,1,-0.63925034810847592,8.5570152743113224e-05,4175
8.0017032370337439e-05,0.080000000000000002,0,1,-0.68541241523860208,8.523257353598536e-05,4200
7.7664285884074274e-05,0.080000000000000002,0,1,-0.73217524842948478,8.4874900909522223e-05,4225
7.5279401825411793e-05,0.080000000000000002,0,1,-0.77945885906081003,8.4497371673148124e-05,4250
7.2864438257110113e-05,0.080000000000000002,0,1,-0.82718543240412146,8.4100276342717167e-05,4275
7.0421449378689949e-05,0.080000000000000002,0,1,-0.8752788754378571,8.368395602492923e-05,4300
6.7952484272362285e-05,0.080000000000000002,0,1,-0.92366437527357448,8.3248799479015352e-05,4325
6.5459585719463068e-05,0.080000000000000002,0,1,-0.97226796901782109,8.2795240346069188e-05,4350
6.2944789098618587e-05,0.080000000000000002,0,1,-1.0210161265358693,8.232375453585825e-05,4375
6.0410121363619078e-05,0.080000000000000002,0,1,-1.0698353478476292,8.1834857760253697e-05,4400
5.7857600087604315e-05,0.080000000000000002,0,1,-1.118651776752813,8.1329103201802945e-05,4425
5.5289232552461675e-05,0.080000000000000002,0,1,-1.1673908318239228,8.0807079305633377e-05,4450
5.2707014859281396e-05,0.080000000000000002,0,1,-1.2159768552875221,8.0269407682932308e-05,4475
5.0112931037325426e-05,0.080000000000000002,0,1,-1.2643327797012489,7.9716741114708875e-05,4500
4.7508952134410811e-05,0.080000000000000002,0,1,-1.3123798119567027,7.9149761645317735e-05,4525
4.4897035279423114e-05,0.080000000000000002,0,1,-1.3600371341146911,7.8569178756151496e-05,4550
4.2279122716113299e-05,0.080000000000000002,0,1,-1.4072216209592625,7.7975727610798528e-05,4575
3.9657140814726256e-05,0.080000000000000002,0,1,-1.4538475749251347,7.7370167363643682e-05,4600
3.7032999073102115e-05,0.080000000000000002,0,1,-1.4998264800715333,7.6753279524248408e-05,4625
3.4408589121047985e-05,0.080000000000000002,0,1,-1.5450667778827665,7.6125866369853809e-05,4650
3.1785783741084206e-05,0.080000000000000002,0,1,-1.5894736686892657,7.5488749398060811e-05,4675
2.9166435915894684e-05,0.080000000000000002,0,1,-1.63294894326134,7.4842767811278722e-05,4700
2.655237790929343e-05,0.080000000000000002,0,1,-1.675390849568771,7.4188777024057241e-05,4725
2.3945420385081684e-05,0.080000000000000002,0,1,-1.7166939997956661,7.3527647184081055e-05,4750
2.1347351569283523e-05,0.080000000000000002,0,1,-1.7567493225644739,7.2860261697524928e-05,4775
1.8759936470021898e-05,0.080000000000000002,0,1,-1.7954440650618153,7.2187515749683743e-05,4800
1.6184916194999231e-05,0.080000000000000002,0,1,-1.832661849589158,7.151031481227881e-05,4825
1.3624007476031169e-05,0.080000000000000002,0,1,-1.868282789094792,7.0829573129497998e-05,4850
1.1078902716749534e-05,0.080000000000000002,0,1,-1.902183666580072,7.0146212175518083e-05,4875
8.5512716169277613e-06,0.080000000000000002,0,1,-1.9342381839383052,6.946115907684022e-05,4900
6.0427688628760369e-06,0.080000000000000002,0,1,-1.9643172866592522,6.8775344993134529e-05,4925
3.5550771864323897e-06,0.080000000000000002,0,1,-1.9922895717478468,6.8089703450390323e-05,4950
1.0905412765547905e-06,0.080000000000000002,0,1,-2.018021786933673,6.740516862003743e-05,4975
1.3540601716541774e-06,0.080000000000000002,0,1,-2.0413794295365051,6.6722673537446413e-05,5000
3.7697154140235347e-06,0.080000000000000002,0,1,-2.0622274529990818,6.6043148252998722e-05,5025
6.1591777801345534e-06,0.080000000000000002,0,1,-2.0804310879759669,6.5367517908928213e-05,5050
8.5204642879317343e-06,0.080000000000000002,0,1,-2.0958567829389949,6.469670073555093e-05,5075
1.0852089633010145e-05,0.080000000000000002,0,1,-2.1083732666235164,6.4031605961445325e-05,5100
1.3152647932014057e-05,0.080000000000000002,0,1,-2.1178527314484654,6.3373131633673679e-05,5125
1.5420777745463993e-05,0.080000000000000002,0,1,-2.1241721335630928,6.2722162346211886e-05,5150
1.765515530141207e-05,0.080000000000000002,0,1,-2.1272146015810449,6.2079566877271144e-05,5175
1.985449285770485e-05,0.080000000000000002,0,1,-2.1268709426010446,6.144619573898323e-05,5200
2.2017538447959843e-05,0.080000000000000002,0,1,-2.1230412308727864,6.0822878645796801e-05,5225
2.4143076096936833e-05,0.080000000000000002,0,1,-2.1156364614901122,6.0210421910723956e-05,5250
2.6229926215657118e-05,0.080000000000000002,0,1,-2.104580248669663,5.9609605781159215e-05,5275
2.8276946061731168e-05,0.080000000000000002,0,1,-2.0898105454334654,5.9021181728312584e-05,5300
3.0283030209248265e-05,0.080000000000000002,0,1,-2.0712813586701486,5.8445869706367389e-05,5325
3.2247110996684701e-05,0.080000000000000002,0,1,-2.0489644305375805,5.7884355399366793e-05,5350
3.4168158934125662e-05,0.080000000000000002,0,1,-2.0228508539923951,5.7337287475655589e-05,5375
3.6045183060052893e-05,0.080000000000000002,0,1,-1.9929525870259113,5.6805274871562803e-05,5400
3.7877231245187844e-05,0.080000000000000002,0,1,-1.9593038271702881,5.6288884127971607e-05,5425
3.9663390446743055e-05,0.080000000000000002,0,1,-1.9219622055434229,5.578863680549408e-05,5450
4.1402786920690171e-05,0.080000000000000002,0,1,-1.8810097584062078,5.5305007006072114e-05,5475
4.3094586402020194e-05,0.080000000000000002,0,1,-1.8365536345183955,5.4838419030813187e-05,5500
4.4737994263357825e-05,0.080000000000000002,0,1,-1.7887264988032712,5.4389245205527809e-05,5525
4.6332255660882916e-05,0.080000000000000002,0,1,-1.7376865972196356,5.3957803906523908e-05,5550
4.7876655673753898e-05,0.080000000000000002,0,1,-1.6836174543511788,5.3544357819498485e-05,5575
4.9370519439743419e-05,0.080000000000000002,0,1,-1.6267271838471515,5.3149112463659014e-05,5600
5.081321228627435e-05,0.080000000000000002,0,1,-1.567247402133944,5.2772215011391865e-05,5625
5.2204139853109118e-05,0.080000000000000002,0,1,-1.5054317472413459,5.2413753430847545e-05,5650
5.3542748201049629e-05,0.080000000000000002,0,1,-1.4415540164507092,5.2073755974805407e-05,5675
5.4828523900363736e-05,0.080000000000000002,0,1,-1.3759059482167686,5.1752191034265279e-05,5700
5.6060994093225443e-05,0.080000000000000002,0,1,-1.308794684769282,5.144896736960563e-05,5725
5.7239726525967641e-05,0.080000000000000002,0,1,-1.2405399614519865,5.1163934726092112e-05,5750
5.8364329548976553e-05,0.080000000000000002,0,1,-1.1714710768771965,5.0896884834265593e-05,5775
5.943445208412552e-05,0.080000000000000002,0,1,-1.1019237040459302,5.0647552789511863e-05,5800
6.0449783561313886e-05,0.080000000000000002,0,1,-1.0322366066254745,5.0415618799107811e-05,5825
6.141005382664057e-05,0.080000000000000002,0,1,-0.96274832653080011,5.0200710279399018e-05,5850
6.2315033024874423e-05,0.080000000000000002,0,1,-0.89379390884391796,5.0002404280601157e-05,5875
6.3164531458256344e-05,0.080000000000000002,0,1,-0.82570172802911657,4.9820230212112191e-05,5900
6.3958399422518579e-05,0.080000000000000002,0,1,-0.75879047544822242,4.9653672837234184e-05,5925
6.4696527019678717e-05,0.080000000000000002,0,1,-0.69336636251205164,4.950217550288508e-05,5950
6.5378843946025623e-05,0.080000000000000002,0,1,-0.62972058661284791,4.9365143567281936e-05,5975
6.6005319253080639e-05,0.080000000000000002,0,1,-0.56812709854239074,4.9241947986742367e-05,6000
6.6575961079371759e-05,0.080000000000000002,0,1,-0.50884070068059373,4.9131929021721607e-05,6025
6.7090816351638005e-05,0.080000000000000002,0,1,-0.45209549530977711,4.9034400021999098e-05,6050
6.7549970455438083e-05,0.080000000000000002,0,1,-0.39810369228734999,4.8948651251549744e-05,6075
6.7953546876806066e-05,0.080000000000000002,0,1,-0.34705477552938646,4.8873953715045398e-05,6100
6.8301706818220295e-05,0.080000000000000002,0,1,-0.29911501866990875,4.8809562950062149e-05,6125
6.859464879337795e-05,0.080000000000000002,0,1,-0.2544273322691879,4.8754722751814114e-05,6150
6.8832608205810172e-05,0.080000000000000002,0,1,-0.21311141825344748,4.8708668800467225e-05,6175
6.901585691607273e-05,0.080000000000000002,0,1,-0.17526420213516758,4.8670632164662197e-05,6200
6.9144702801112744e-05,0.080000000000000002,0,1,-0.14096050988996467,4.8639842658650004e-05,6225
6.9219489307608241e-05,0.080000000000000002,0,1,-0.11025395423121154,4.8615532034280131e-05,6250
6.9240594998902031e-05,0.080000000000000002,0,1,-0.083177994179550296,4.8596936992867037e-05,6275
6.9208433092987368e-05,0.080000000000000002,0,1,-0.059747132137772496,4.8583302005602403e-05,6300
6.9123450987225194e-05,0.080000000000000002,0,1,-0.039958213891623018,4.8573881934615294e-05,6325
6.8986129764406773e-05,0.080000000000000002,0,1,-0.023791798932961683,4.8567944449966751e-05,6350
6.8796983674613088e-05,0.080000000000000002,0,1,-0.011213570943027662,4.8564772240773862e-05,6375
6.855655958810487e-05,0.080000000000000002,0,1,-0.002175761163016432,4.8563665021276873e-05,6400
6.8265436416080179e-05,0.080000000000000002,0,1,0.0033814395228546346,4.8563941334980609e-05,6425
6.7924224498295071e-05,0.080000000000000002,0,1,0.0055285006676513149,4.8564940162011757e-05,6450
6.7533564958904398e-05,0.080000000000000002,0,1,0.0043452220372728334,4.8566022336528103e-05,6475
6.7094129034061314e-05,0.080000000000000002,0,1,-8.0532752463113866e-05,4.8566571782389403e-05,6500
6.6606617376471728e-05,0.080000000000000002,0,1,-0.0076540278414540808,4.8565996576352962e-05,6525
6.6071759342989554e-05,0.080000000000000002,0,1,-0.01827476414564444,4.8563729848797259e-05,6550
6.5490312271343683e-05,0.080000000000000002,0,1,-0.031837500799838381,4.855923053242365e-05,6575
6.486306075125432e-05,0.080000000000000002,0,1,-0.048233186523930272,4.855198396957098e-05,6600
6.4190815893688772e-05,0.080000000000000002,0,1,-0.067349800474858057,4.8541502388740934e-05,6625
6.3474414600107646e-05,0.080000000000000002,0,1,-0.089073103839382384,4.8527325260722935e-05,6650
6.271471883157793e-05,0.080000000000000002,0,1,-0.11328730465857006,4.8509019544376167e-05,6675
6.1912614875902526e-05,0.080000000000000002,0,1,-0.1398756392636642,4.8486179831719709e-05,6700
6.1069012609680262e-05,0.080000000000000002,0,1,-0.16872087424485471,4.8458428401539086e-05,6725
6.018484475162977e-05,0.080000000000000002,0,1,-0.19970573323416829,4.842541519026424e-05,6750
5.9261066103614777e-05,0.080000000000000002,0,1,-0.23271325294285816,4.8386817688425007e-05,6775
5.8298652776520436e-05,0.080000000000000002,0,1,-0.26762707300963484,4.8342340770545448e-05,6800
5.7298601399272395e-05,0.080000000000000002,0,1,-0.30433166431475911,4.8291716465892049e-05,6825
5.6261928310642341e-05,0.080000000000000002,0,1,-0.34271250048686852,4.8234703677030164e-05,6850
5.5189668734795813e-05,0.080000000000000002,0,1,-0.38265617745946656,4.8171087852656895e-05,6875
5.4082875942610012e-05,0.080000000000000002,0,1,-0.42405048602086026,4.8100680620660563e-05,6900
5.2942620401475428e-05,0.080000000000000002,0,1,-0.46678444236704308,4.8023319386806584e-05,6925
5.1769988916533167e-05,0.080000000000000002,0,1,-0.5107482816679294,4.7938866903876769e-05,6950
5.0566083766123368e-05,0.080000000000000002,0,1,-0.55583341954184107,4.7847210815507342e-05,6975
4.9332021833714667e-05,0.080000000000000002,0,1,-0.60193238613237554,4.7748263178401975e-05,7000
4.8068933737908392e-05,0.080000000000000002,0,1,-0.64893873718460782,4.7641959966058264e-05,7025
4.6777962961406635e-05,0.080000000000000002,0,1,-0.69674694610694132,4.7528260556657003e-05,7050
4.5460264979245402e-05,0.080000000000000002,0,1,-0.74525228061793314,4.7407147207334533e-05,7075
4.4117006386217955e-05,0.080000000000000002,0,1,-0.7943506671549585,4.7278624516691084e-05,7100
4.2749364023281421e-05,0.080000000000000002,0,1,-0.84393854587892747,4.7142718877079416e-05,7125
4.1358524102835214e-05,0.080000000000000002,0,1,-0.89391271881072498,4.6999477917955572e-05,7150
3.9945681333010347e-05,0.080000000000000002,0,1,-0.94417019350930786,4.6848969941343825e-05,7175
3.8512038041421636e-05,0.080000000000000002,0,1,-0.99460802458452235,4.6691283350255549e-05,7200
3.7058803299104938e-05,0.080000000000000002,0,1,-1.0451231553590787,4.6526526070694691e-05,7225
3.5587192045513406e-05,0.080000000000000002,0,1,-1.0956122620632414,4.6354824967673347e-05,7250
3.4098424215434493e-05,0.080000000000000002,0,1,-1.1459716029914944,4.6176325255448151e-05,7275
3.2593723868517486e-05,0.080000000000000002,0,1,-1.196096875132298,4.5991189901976069e-05,7300
3.1074318321814228e-05,0.080000000000000002,0,1,-1.2458830808045604,4.5799599027382812e-05,7325
2.9541437285414412e-05,0.080000000000000002,0,1,-1.2952244068194432,4.5601749296049841e-05,7350
2.7996312000990677e-05,0.080000000000000002,0,1,-1.3440141186642904,4.5397853301762066e-05,7375
2.6440174382947645e-05,0.080000000000000002,0,1,-1.3921444721434,4.5188138945223764e-05,7400
2.4874256161950351e-05,0.080000000000000002,0,1,-1.4395066449044407,4.4972848803144005e-05,7425
2.3299788030921294e-05,0.080000000000000002,0,1,-1.4859906902800049,4.4752239488010438e-05,7450
2.1717998794126723e-05,0.080000000000000002,0,1,-1.5314855159674607,4.4526580997602073e-05,7475
2.0130114520694481e-05,0.080000000000000002,0,1,-1.5758788902057859,4.4296156053229127e-05,7500
1.8537357704785814e-05,0.080000000000000002,0,1,-1.6190574783106513,4.4061259425620475e-05,7525
1.6940946435726845e-05,0.080000000000000002,0,1,-1.6609069126443501,4.382219724730283e-05,7550
1.5342093582913686e-05,0.080000000000000002,0,1,-1.7013118993002081,4.3579286310228127e-05,7575
1.3742006002872055e-05,0.080000000000000002,0,1,-1.7401563649182208,4.3332853347314901e-05,7600
1.2141883781193664e-05,0.080000000000000002,0,1,-1.7773236470800384,4.3083234296483982e-05,7625
1.0542919534744077e-05,0.080000000000000002,0,1,-1.8126967316402443,4.2830773545705885e-05,7650
8.9462978329862928e-06,0.080000000000000002,0,1,-1.8461585400630156,4.2575823157551052e-05,7675
7.3531948964267702e-06,0.080000000000000002,0,1,-1.8775922694583187,4.2318742071759994e-05,7700
5.7647790745475945e-06,0.080000000000000002,0,1,-1.9068817874338038,4.2059895284438725e-05,7725
4.1822141146056079e-06,0.080000000000000002,0,1,-1.9339120832639765,4.1799653002638579e-05,7750
2.6066768948353801e-06,0.080000000000000002,0,1,-1.9585697761415304,4.1538389773298436e-05,7775
1.0395414355815675e-06,0.080000000000000002,0,1,-1.9807436805531324,4.1276483585800767e-05,7800
5.2075557121750942e-07,0.080000000000000002,0,1,-2.0003254280775309,4.1014314947709714e-05,7825
2.0677559019946195e-06,0.080000000000000002,0,1,-2.0172101441273753,4.0752265933604224e-05,7850
3.6041917912473829e-06,0.080000000000000002,0,1,-2.0312971774480957,4.0490719207279798e-05,7875
5.1282267232048887e-06,0.080000000000000002,0,1,-2.0424908793381746,4.0230057017957927e-05,7900
6.6387436792188896e-06,0.080000000000000002,0,1,-2.0507014287052243,3.9970660171510068e-05,7925
8.1346861722895426e-06,0.080000000000000002,0,1,-2.0558456980916162,3.9712906978073837e-05,7950
9.6150240382317918e-06,0.080000000000000002,0,1,-2.0578481546187959,3.9457172177821708e-05,7975
1.1078747724603332e-05,0.080000000000000002,0,1,-2.0566417885499959,3.9203825847046433e-05,8000
1.2524867125939531e-05,0.080000000000000002,0,1,-2.0521690606472021,3.8953232287165947e-05,8025
1.395241154078299e-05,0.080000000000000002,0,1,-2.044382857956407,3.8705748899732548e-05,8050
1.5360429977060371e-05,0.080000000000000002,0,1,-2.0332474460037702,3.8461725051062629e-05,8075
1.6747991578827617e-05,0.080000000000000002,0,1,-2.0187394037677677,3.8221500930681767e-05,8100
1.8114186095429373e-05,0.080000000000000002,0,1,-2.0008485263153943,3.7985406408397105e-05,8125
1.9458124362328333e-05,0.080000000000000002,0,1,-1.9795786787262841,3.7753759895447283e-05,8150
2.0778938780705489e-05,0.080000000000000002,0,1,-1.9549485840204852,3.7526867215817786e-05,8175
2.2075783790068013e-05,0.080000000000000002,0,1,-1.9269925272478758,3.7305020494419051e-05,8200
2.3347836330987247e-05,0.080000000000000002,0,1,-1.8957609578467327,3.7088497069379623e-05,8225
2.4594296296154318e-05,0.080000000000000002,0,1,-1.8613209727932372,3.6877558436179663e-05,8250
2.581438696820881e-05,0.080000000000000002,0,1,-1.8237566640059413,3.6672449231719997e-05,8275
2.7007355442765333e-05,0.080000000000000002,0,1,-1.7831693148518752,3.6473396266669714e-05,8300
2.8172473034985183e-05,0.080000000000000002,0,1,-1.7396774325370643,3.6280607614550334e-05,8325
2.9309035668049894e-05,0.080000000000000002,0,1,-1.693416605442053,3.6094271765988596e-05,8350
3.0416364242044212e-05,0.080000000000000002,0,1,-1.6445391771903815,3.5914556856401778e-05,8375
3.1493804982046879e-05,0.080000000000000002,0,1,-1.5932137322872677,3.5741609975068077e-05,8400
3.254072976461937e-05,0.080000000000000002,0,1,-1.5396243915258765,3.5575556563084144e-05,8425
3.3556536422321366e-05,0.080000000000000002,0,1,-1.4839699189010389,3.5416499907125164e-05,8450
3.4540649026296158e-05,0.080000000000000002,0,1,-1.4264626455410507,3.5264520735205234e-05,8475
3.5492518147307732e-05,0.080000000000000002,0,1,-1.3673272199289386,3.5119676919793934e-05,8500
3.641162109583036e-05,0.080000000000000002,0,1,-1.3067991974799043,3.4982003292686238e-05,8525
3.7297462141878184e-05,0.080000000000000002,0,1,-1.2451234861280227,3.4851511574959771e-05,8550
3.8149572715220426e-05,0.080000000000000002,0,1,-1.1825526679185714,3.4728190424199938e-05,8575
3.8967511586488837e-05,0.080000000000000002,0,1,-1.1193452195209375,3.461200559994933e-05,8600
3.9750865029489171e-05,0.080000000000000002,0,1,-1.0557636569835722,3.4502900247066173e-05,8625
4.0499246964820549e-05,0.080000000000000002,0,1,-0.99207263182574934,3.4400795295384327e-05,8650
4.1212299084728003e-05,0.080000000000000002,0,1,-0.92853700662294614,3.4305589972783651e-05,8675
4.188969095899387e-05,0.080000000000000002,0,1,-0.86541993859691502,3.4217162427533698e-05,8700
4.2531120121622152e-05,0.080000000000000002,0,1,-0.80298099929109412,3.413537045459562e-05,8725
4.3136312138085075e-05,0.080000000000000002,0,1,-0.74147435728673372,3.4060052319481419e-05,8750
4.3705020652962409e-05,0.080000000000000002,0,1,-0.68114704909976354,3.3991027672300609e-05,8775
4.4237027417889326e-05,0.080000000000000002,0,1,-0.62223736106761862,3.3928098543787426e-05,8800
4.4732142299805401e-05,0.080000000000000002,0,1,-0.5649733421273595,3.3871050414411979e-05,8825
4.5190203269547813e-05,0.080000000000000002,0,1,-0.50957146421183097,3.3819653347142293e-05,8850
4.5611076370843075e-05,0.080000000000000002,0,1,-0.45623544349336953,3.3773663174045393e-05,8875
4.5994655669723946e-05,0.080000000000000002,0,1,-0.40515523208159721,3.3732822726694831e-05,8900
4.6340863184345663e-05,0.080000000000000002,0,1,-0.35650618613090046,3.3696863100284918e-05,8925
4.6649648795117904e-05,0.080000000000000002,0,1,-0.3104484127111391,3.3665504941433728e-05,8950
4.6920990135036492e-05,0.080000000000000002,0,1,-0.26712629435292001,3.3638459749878364e-05,8975
4.7154892460104539e-05,0.080000000000000002,0,1,-0.22666818696598057,3.3615431184617378e-05,9000
4.7351388499801666e-05,0.080000000000000002,0,1,-0.18918628394999359,3.3596116365522376e-05,9025
4.7510538287683461e-05,0.080000000000000002,0,1,-0.15477663679666875,3.3580207162009952e-05,9050
4.7632428972366256e-05,0.080000000000000002,0,1,-0.12351932036972357,3.3567391461017382e-05,9075
4.7717174609348597e-05,0.080000000000000002,0,1,-0.09547872944244773,3.3557354407242903e-05,9100
4.7764915934306521e-05,0.080000000000000002,0,1,-0.070703991864775162,3.3549779609373708e-05,9125
4.7775820118645266e-05,0.080000000000000002,0,1,-0.049229483033741417,3.3544350306810844e-05,9150
4.7750080508165071e-05,0.080000000000000002,0,1,-0.031075426059487654,3.3540750492192752e-05,9175
4.7687916345679565e-05,0.080000000000000002,0,1,-0.016248562107421094,3.353866598579819e-05,9200
4.7589572478322127e-05,0.080000000000000002,0,1,-0.004742875851889039,3.3537785458662373e-05,9225
4.745531905008179e-05,0.080000000000000002,0,1,0.0034596383354710269,3.3537801401954659e-05,9250
4.728545117987103e-05,0.080000000000000002,0,1,0.0083881829048095824,3.3538411040833569e-05,9275
4.708028862517012e-05,0.080000000000000002,0,1,0.010082348770083627,3.3539317191611903e-05,9300
4.6840175431057951e-05,0.080000000000000002,0,1,0.0085913033178712794,3.3540229061627231e-05,9325
4.6565479564276228e-05,0.080000000000000002,0,1,0.0039729848540446255,3.3540862991722084e-05,9350
4.6256592531894812e-05,0.080000000000000002,0,1,-0.0037066876568587759,3.3540943141693813e-05,9375
4.5913928984183835e-05,0.080000000000000002,0,1,-0.014374581898664474,3.3540202119478239e-05,9400
4.5537926301435506e-05,0.080000000000000002,0,1,-0.027951090062970252,3.353838155518401e-05,9425
4.5129044164702563e-05,0.080000000000000002,0,1,-0.044350831929705237,3.3535232621398994e-05,9450
4.4687764110699065e-05,0.080000000000000002,0,1,-0.063483318896942365,3.3530516501443278e-05,9475
4.4214589071396561e-05,0.080000000000000002,0,1,-0.085253575774231649,3.3524004807450614e-05,9500
4.3710042899107288e-05,0.080000000000000002,0,1,-0.10956271810982798,3.3515479950317282e-05,9525
4.317466987803783e-05,0.080000000000000002,0,1,-0.13630848373327353,3.3504735463670457e-05,9550
4.2609034223394753e-05,0.080000000000000002,0,1,-0.16538571804130697,3.3491576284076999e-05,9575
4.2013719569123124e-05,0.080000000000000002,0,1,-0.19668681323514647,3.3475818989743564e-05,9600
4.1389328445258383e-05,0.080000000000000002,0,1,-0.23010210238203399,3.3457291999954267e-05,9625
4.0736481745701406e-05,0.080000000000000002,0,1,-0.26552020962640199,3.3435835737459598e-05,9650
4.0055818187009431e-05,0.080000000000000002,0,1,-0.30282835831076227,3.3411302755974332e-05,9675
3.9347993758572449e-05,0.080000000000000002,0,1,-0.34191263904972402,3.3383557834870637e-05,9700
3.8613681164348929e-05,0.080000000000000002,0,1,-0.38265823999017812,3.3352478043069189e-05,9725
3.7853569256192753e-05,0.080000000000000002,0,1,-0.42494964167622129,3.3317952774040497e-05,9750
3.7068362458736397e-05,0.080000000000000002,0,1,-0.46867077897263698,3.3279883753733691e-05,9775
3.6258780185801879e-05,0.080000000000000002,0,1,-0.51370517262466819,3.3238185023152082e-05,9800
3.5425556248385325e-05,0.080000000000000002,0,1,-0.55993603301340045,3.319278289719437e-05,9825
3.4569438254384267e-05,0.080000000000000002,0,1,-0.60724633876156986,3.3143615901277269e-05,9850
3.3691187000382545e-05,0.080000000000000002,0,1,-0.65551889283301534,3.3090634687149303e-05,9875
3.2791575855950813e-05,0.080000000000000002,0,1,-0.70463635881696973,3.3033801929195595e-05,9900
3.1871390141037701e-05,0.080000000000000002,0,1,-0.75448128013522364,3.297309220242084e-05,9925
3.0931426497103109e-05,0.080000000000000002,0,1,-0.80493608488814061,3.2908491843182167e-05,9950
2.9972492252675057e-05,0.080000000000000002,0,1,-0.85588307908301431,3.2839998793626875e-05,9975
2.8995404783996706e-05,0.080000000000000002,0,1,-0.90720443096597592,3.2767622430674384e-05,10000
2.8000990871385501e-05,0.080000000000000002,0,1,-0.95878214915819626,3.2691383380268208e-05,10025
2.6990086051863942e-05,0.080000000000000002,0,1,-1.010498057210043,3.2611313317515104e-05,10050
2.5963533968563872e-05,0.080000000000000002,0,1,-1.0622337672079993,3.2527454753225482e-05,10075
2.492218571736424e-05,0.080000000000000002,0,1,-1.1138706549372728,3.2439860807272982e-05,10100
2.3866899191208202e-05,0.080000000000000002,0,1,-1.1652898391084818,3.234859496910176e-05,10125
2.2798538422562714e-05,0.080000000000000002,0,1,-1.2163721671045096,3.2253730845627436e-05,10150
2.1717972924524323e-05,0.080000000000000002,0,1,-1.2669982096790591,3.2155351896701062e-05,10175
2.062607703113401e-05,0.080000000000000002,0,1,-1.3170482670257115,3.2053551158233879e-05,10200
1.9523729237524701e-05,0.080000000000000002,0,1,-1.3664023886340146,3.1948430953014485e-05,10225
1.8411811540582189e-05,0.080000000000000002,0,1,-1.4149404093477642,3.1840102589188148e-05,10250
1.7291208780842869e-05,0.080000000000000002,0,1,-1.4625420040165409,3.1728686046311589e-05,10275
1.6162807986391771e-05,0.080000000000000002,0,1,-1.5090867630992761,3.1614309648845938e-05,10300
1.5027497719581126e-05,0.080000000000000002,0,1,-1.554454291548609,3.149710972690798e-05,10325
1.3886167427515429e-05,0.080000000000000002,0,1,-1.5985243331724632,3.137723026406508e-05,10350
1.2739706797534345e-05,0.080000000000000002,0,1,-1.6411769226260731,3.1254822531935205e-05,10375
1.158900511956636e-05,0.080000000000000002,0,1,-1.6822925669857796,3.1130044711339742e-05,10400
1.0434950658604438e-05,0.080000000000000002,0,1,-1.7217524587463231,3.100306149975476e-05,10425
9.2784300435939783e-06,0.080000000000000002,0,1,-1.7594387218859993,3.087404370481512e-05,10450
8.1203276860087378e-06,0.080000000000000002,0,1,-1.7952346924303129,3.0743167823645213e-05,10475
6.9615252588038894e-06,0.080000000000000002,0,1,-1.8290252347269416,3.0610615607819488e-05,10500
5.8029013148765862e-06,0.080000000000000002,0,1,-1.8606970944156274,3.0476573613794461e-05,10525
4.6453312803728675e-06,0.080000000000000002,0,1,-1.8901392887346447,3.0341232738701375e-05,10550
3.489688676877872e-06,0.080000000000000002,0,1,-1.9172435344821679,3.0204787741445845e-05,10575
2.3368517773807747e-06,0.080000000000000002,0,1,-1.9419047135679648,3.0067436749128337e-05,10600
1.1877523109978123e-06,0.080000000000000002,0,1,-1.9640213755428704,2.992938074887876e-05,10625
5.0609602898249158e-08,0.080000000000000002,0,1,-1.9834962759837254,2.9790823065292971e-05,10650
1.0970998360394841e-06,0.080000000000000002,0,1,-2.0002369489006924,2.9651968823769258e-05,10675
2.2302011265346378e-06,0.080000000000000002,0,1,-2.0141563106599278,2.9513024400172258e-05,10700
3.3564275755054253e-06,0.080000000000000002,0,1,-2.0251732920564791,2.9374196857400857e-05,10725
4.4748741388095044e-06,0.080000000000000002,0,1,-2.033213494352367,2.9235693369605625e-05,10750
5.5847159708535426e-06,0.080000000000000002,0,1,-2.038209864190776,2.9097720634989483e-05,10775
6.6851497513451569e-06,0.080000000000000002,0,1,-2.0401033814550829,2.8960484278330281e-05,10800
7.7753860322039421e-06,0.080000000000000002,0,1,-2.0388437532710668,2.8824188244582293e-05,10825
8.8546477460231385e-06,0.080000000000000002,0,1,-2.0343901065048158,2.8689034185141154e-05,10850
9.9221700561175142e-06,0.080000000000000002,0,1,-2.0267116704549153,2.8555220838588783e-05,10875
1.0977200598394148e-05,0.080000000000000002,0,1,-2.0157884407362872,2.8422943407966683e-05,10900
1.2018999858172154e-05,0.080000000000000002,0,1,-2.0016118148196256,2.8292392936852845e-05,10925
1.3046841596614459e-05,0.080000000000000002,0,1,-1.9841851892642808,2.8163755686735929e-05,10950
1.4060013293821214e-05,0.080000000000000002,0,1,-1.9635245083982227,2.8037212518386213e-05,10975
1.5057816594224682e-05,0.080000000000000002,0,1,-1.9396587539963548,2.7912938280113839e-05,11000
1.6039567747336232e-05,0.080000000000000002,0,1,-1.9126303655266383,2.7791101205977838e-05,11025
1.7004598040149119e-05,0.080000000000000002,0,1,-1.8824955807212973,2.7671862327162137e-05,11050
1.7952254219071328e-05,0.080000000000000002,0,1,-1.8493246865245965,2.7555374899863991e-05,11075
1.8881898900091163e-05,0.080000000000000002,0,1,-1.813202171138073,2.74417838531429e-05,11100
1.9792910966356077e-05,0.080000000000000002,0,1,-1.7742267686480773,2.7331225260249838e-05,11125
2.0684685952638492e-05,0.080000000000000002,0,1,-1.7325113887891348,2.72238258369935e-05,11150
2.1556636416347876e-05,0.080000000000000002,0,1,-1.6881829257508798,2.7119702470696916e-05,11175
2.2408192294849985e-05,0.080000000000000002,0,1,-1.6413819414851787,2.701896178325034e-05,11200
2.3238801248910286e-05,0.080000000000000002,0,1,-1.5922622207749555,2.6921699731670174e-05,11225
2.4047928992082458e-05,0.080000000000000002,0,1,-1.5409901972848274,2.6828001249425915e-05,11250
2.4835059605848803e-05,0.080000000000000002,0,1,-1.4877442519850774,2.6737939931596675e-05,11275
2.5599695840292264e-05,0.080000000000000002,0,1,-1.4327138875146375,2.6651577766664917e-05,11300
2.6341359400052698e-05,0.080000000000000002,0,1,-1.376098784304304,2.6568964917450561e-05,11325
2.7059591215316686e-05,0.080000000000000002,0,1,-1.3181077464673763,2.6490139553336696e-05,11350
2.7753951697599881e-05,0.080000000000000002,0,1,-1.2589575475512902,2.6415127735544327e-05,11375
2.8424020980122924e-05,0.080000000000000002,0,1,-1.1988716881678556,2.6343943356784214e-05,11400
2.9069399142640725e-05,0.080000000000000002,0,1,-1.1380790791999971,2.6276588136156883e-05,11425
2.9689706420654205e-05,0.080000000000000002,0,1,-1.0768126657258108,2.6213051669694407e-05,11450
3.028458339900405e-05,0.080000000000000002,0,1,-1.015308007942167,2.6153311536448845e-05,11475
3.0853691189903128e-05,0.080000000000000002,0,1,-0.95380183614588532,2.6097333459539391e-05,11500
3.1396711595495408e-05,0.080000000000000002,0,1,-0.8925305972861679,2.6045071521082519e-05,11525
3.1913347255031924e-05,0.080000000000000002,0,1,-0.83172901070565786,2.5996468429453385e-05,11550
3.2403321776726664e-05,0.080000000000000002,0,1,-0.68454587647875087,2.5951455836871365e-05,11575
3.2866379854300006e-05,0.080000000000000002,0,1,-0.45066983267679461,2.5919682000084957e-05,11600
3.3302287368150333e-05,0.080000000000000002,0,1,-0.21704331633918628,2.5901064726832758e-05,11625
3.371083147102498e-05,0.080000000000000002,0,1,0.015020931989056407,2.5895468795797959e-05,11650
3.4091820658006872e-05,0.080000000000000002,0,1,0.24423283092164638,2.5902707011443904e-05,11675
3.4445084820609134e-05,0.080000000000000002,0,1,0.46934189285457251,2.592254172433891e-05,11700
3.4770475284775845e-05,0.080000000000000002,0,1,0.68915296710702023,2.5954686786958327e-05,11725
3.5067864832638068e-05,0.080000000000000002,0,1,0.90254039136652864,2.5998809906162088e-05,11750
3.5337147707953444e-05,0.080000000000000002,0,1,1.1084602261162217,2.605453534623962e-05,11775
3.5578239605264053e-05,0.080000000000000002,0,1,1.3059603330925711,2.6121446930822591e-05,11800
3.5791077642915531e-05,0.080000000000000002,0,1,1.4941881507866128,2.6199091288220274e-05,11825
3.5975620320184915e-05,0.080000000000000002,0,1,1.6723961119560045,2.6286981282861725e-05,11850
3.6131847458837823e-05,0.080000000000000002,0,1,1.8399447349397633,2.6384599575467041e-05,11875
3.625976012947223e-05,0.080000000000000002,0,1,1.9963034979123222,2.6491402256167975e-05,11900
3.6359380563002642e-05,0.080000000000000002,0,1,2.1410496699004398,2.6606822497840749e-05,11925
3.6430752047588295e-05,0.080000000000000002,0,1,2.2738653224437257,2.6730274181141505e-05,11950
3.6473938811229719e-05,0.080000000000000002,0,1,2.3945327804590306,2.686115544786242e-05,11975
3.6489025890163219e-05,0.080000000000000002,0,1,2.5029287904699231,2.6998852144963938e-05,12000
3.6476118983086283e-05,0.080000000000000002,0,1,2.599017690060009,2.7142741127708203e-05,12025
3.6435344291171289e-05,0.080000000000000002,0,1,2.6828438560587529,2.7292193396466954e-05,12050
3.6366848343784703e-05,0.080000000000000002,0,1,2.7545236928408485,2.7446577047786376e-05,12075
3.6270797809830349e-05,0.080000000000000002,0,1,2.8142373985947415,2.7605260025983453e-05,12100
3.6147379294682262e-05,0.080000000000000002,0,1,2.8622207188332141,2.7767612666787732e-05,12125
3.5996799122757217e-05,0.080000000000000002,0,1,2.8987568650709363,2.7933010029234718e-05,12150
3.5819283105886984e-05,0.080000000000000002,0,1,2.9241687443313822,2.8100834016106765e-05,12175
3.5615076297765879e-05,0.080000000000000002,0,1,2.9388116134796292,2.827047528668063e-05,12200
3.538444273485343e-05,0.080000000000000002,0,1,2.943066242725763,2.8441334968383327e-05,12225
3.5127665164188192e-05,0.080000000000000002,0,1,2.9373326455347524,2.8612826176206156e-05,12250
3.4845044758603158e-05,0.080000000000000002,0,1,2.9220244084540354,2.8784375350422958e-05,12275
3.453690081982439e-05,0.080000000000000002,0,1,2.8975636341006066,2.8955423424356985e-05,12300
3.4203570469884626e-05,0.080000000000000002,0,1,2.8643764938092318,2.9125426834700553e-05,12325
3.3845408331204283e-05,0.080000000000000002,0,1,2.8228893731484277,2.9293858387275396e-05,12350
3.3462786195600259e-05,0.080000000000000002,0,1,2.7735255833786141,2.9460207991190811e-05,12375
3.3056092682394403e-05,0.080000000000000002,0,1,2.716702604576767,2.962398327417047e-05,12400
3.2625732885731744e-05,0.080000000000000002,0,1,2.6528298213020207,2.9784710091431264e-05,12425
3.2172128011185951e-05,0.080000000000000002,0,1,2.5823067089108918,2.9941932939957977e-05,12450
3.1695715001744762e-05,0.080000000000000002,0,1,2.5055214275280377,3.0095215289368912e-05,12475
3.1196946153317733e-05,0.080000000000000002,0,1,2.4228497809785949,3.0244139839846399e-05,12500
3.0676288719990768e-05,0.080000000000000002,0,1,2.3346544992832605,3.0388308716843462e-05,12525
3.0134224509347853e-05,0.080000000000000002,0,1,2.2412848054136703,3.0527343611498346e-05,12550
2.9571249468272614e-05,0.080000000000000002,0,1,2.1430762295949535,3.066088587491251e-05,12575
2.8987873259718249e-05,0.080000000000000002,0,1,2.0403506373854725,3.0788596573689724e-05,12600
2.8384618830970206e-05,0.080000000000000002,0,1,1.9334164408760444,3.0910156513405298e-05,12625
2.7762021973930474e-05,0.080000000000000002,0,1,1.8225689654859707,3.1025266235983646e-05,12650
2.7120630877912409e-05,0.080000000000000002,0,1,1.7080909479668662,3.1133645996313349e-05,12675
2.6461005675370404e-05,0.080000000000000002,0,1,1.5902531441961401,3.1235035722825693e-05,12700
2.5783717980908034e-05,0.080000000000000002,0,1,1.4693150281964336,3.1329194966205409e-05,12725
2.508935042383115e-05,0.080000000000000002,0,1,1.3455255664284778,3.1415902839891725e-05,12750
2.437849617445811e-05,0.080000000000000002,0,1,1.2191240538468264,3.149495795556203e-05,12775
2.3651758464377514e-05,0.080000000000000002,0,1,1.0903410004179932,3.1566178356368122e-05,12800
2.2909750100860596e-05,0.080000000000000002,0,1,0.95939905875320619,3.162940145031304e-05,12825
2.2153092975693069e-05,0.080000000000000002,0,1,0.82651398531425002,3.1684483945812694e-05,12850
2.1382417568772826e-05,0.080000000000000002,0,0,0.69189562915698843,3.1731301791177191e-05,12875
2.059836244691612e-05,0.080000000000000002,0,0,0.555748943575054,3.1769750119468792e-05,12900
1.9801573758398996e-05,0.080000000000000002,0,0,0.41827501710758952,3.17997431999431e-05,12925
1.8992704723823846e-05,0.080000000000000002,0,0,0.27967212139765252,3.182121439705397e-05,12950
1.8172415123919057e-05,0.080000000000000002,0,0,0.14013677415277925,3.1834116137796605e-05,12975
1.7341370784856884e-05,0.080000000000000002,0,0,0.070228003148844406,3.1838419887974124e-05,13000
