branch_label,kappa,omega,zgv_kappa0,zgv_omega0
selected symmetric ZGV branch,0.64337385549721449,2.8662147617658666,0.80421731937151808,2.8517587749600901
selected symmetric ZGV branch,0.64739494209407211,2.8655236114883076,0.80421731937151808,2.8517587749600901
selected symmetric ZGV branch,0.65141602869092963,2.8648483254644401,0.80421731937151808,2.8517587749600901
selected symmetric ZGV branch,0.65543711528778725,2.8641889800550655,0.80421731937151808,2.8517587749600901
selected symmetric ZGV branch,0.65945820188464488,2.8635456522629839,0.80421731937151808,2.8517587749600901
selected symmetric ZGV branch,0.66347928848150239,2.8629184197374751,0.80421731937151808,2.8517587749600901
selected symmetric ZGV branch,0.66750037507836002,2.8623073607800484,0.80421731937151808,2.8517587749600901
selected symmetric ZGV branch,0.67152146167521765,2.8617125543472395,0.80421731937151808,2.8517587749600901
selected symmetric ZGV branch,0.67554254827207516,2.8611340800581155,0.80421731937151808,2.8517587749600901
selected symmetric ZGV branch,0.67956363486893279,2.8605720181966241,0.80421731937151808,2.8517587749600901
selected symmetric ZGV branch,0.68358472146579041,2.86002644971706,0.80421731937151808,2.8517587749600901
selected symmetric ZGV branch,0.68760580806264793,2.8594974562460522,0.80421731937151808,2.8517587749600901
selected symmetric ZGV branch,0.69162689465950555,2.85898512009258,0.80421731937151808,2.8517587749600901
selected symmetric ZGV branch,0.69564798125636318,2.8584895242443671,0.80421731937151808,2.8517587749600901
selected symmetric ZGV branch,0.69966906785322069,2.8580107523779787,0.80421731937151808,2.8517587749600901
selected symmetric ZGV branch,0.70369015445007832,2.8575488888591964,0.80421731937151808,2.8517587749600901
selected symmetric ZGV branch,0.70771124104693595,2.8571040187490202,0.80421731937151808,2.8517587749600901
selected symmetric ZGV branch,0.71173232764379346,2.8566762278066724,0.80421731937151808,2.8517587749600901
selected symmetric ZGV branch,0.71575341424065109,2.856265602488842,0.80421731937151808,2.8517587749600901
selected symmetric ZGV branch,0.71977450083750871,2.8558722299617703,0.80421731937151808,2.8517587749600901
selected symmetric ZGV branch,0.72379558743436623,2.8554961980942517,0.80421731937151808,2.8517587749600901
selected symmetric ZGV branch,0.72781667403122385,2.8551375954686997,0.80421731937151808,2.8517587749600901
selected symmetric ZGV branch,0.73183776062808148,2.8547965113771818,0.80421731937151808,2.8517587749600901
selected symmetric ZGV branch,0.73585884722493899,2.8544730358302313,0.80421731937151808,2.8517587749600901
selected symmetric ZGV branch,0.73987993382179662,2.8541672595541359,0.80421731937151808,2.8517587749600901
selected symmetric ZGV branch,0.74390102041865425,2.8538792739943579,0.80421731937151808,2.8517587749600901
selected symmetric ZGV branch,0.74792210701551176,2.8536091713193481,0.80421731937151808,2.8517587749600901
selected symmetric ZGV branch,0.75194319361236939,2.8533570444184631,0.80421731937151808,2.8517587749600901
selected symmetric ZGV branch,0.75596428020922701,2.8531229869047783,0.80421731937151808,2.8517587749600901
selected symmetric ZGV branch,0.75998536680608453,2.8529070931205194,0.80421731937151808,2.8517587749600901
selected symmetric ZGV branch,0.76400645340294215,2.8527094581278605,0.80421731937151808,2.8517587749600901
selected symmetric ZGV branch,0.76802753999979978,2.8525301777200207,0.80421731937151808,2.8517587749600901
selected symmetric ZGV branch,0.77204862659665729,2.8523693484138475,0.80421731937151808,2.8517587749600901
selected symmetric ZGV branch,0.77606971319351492,2.8522270674528971,0.80421731937151808,2.8517587749600901
selected symmetric ZGV branch,0.78009079979037255,2.8521034328068335,0.80421731937151808,2.8517587749600901
selected symmetric ZGV branch,0.78411188638723006,2.8519985431704873,0.80421731937151808,2.8517587749600901
selected symmetric ZGV branch,0.78813297298408769,2.8519124979604253,0.80421731937151808,2.8517587749600901
selected symmetric ZGV branch,0.79215405958094531,2.8518453973163562,0.80421731937151808,2.8517587749600901
selected symmetric ZGV branch,0.79617514617780283,2.851797342098636,0.80421731937151808,2.8517587749600901
selected symmetric ZGV branch,0.80019623277466045,2.851768433882568,0.80421731937151808,2.8517587749600901
selected symmetric ZGV branch,0.80421731937151808,2.8517587749598441,0.80421731937151808,2.8517587749600901
selected symmetric ZGV branch,0.8082384059683756,2.8517684683348299,0.80421731937151808,2.8517587749600901
selected symmetric ZGV branch,0.81225949256523322,2.8517976177173248,0.80421731937151808,2.8517587749600901
selected symmetric ZGV branch,0.81628057916209085,2.8518463275216126,0.80421731937151808,2.8517587749600901
selected symmetric ZGV branch,0.82030166575894847,2.8519147028612464,0.80421731937151808,2.8517587749600901
selected symmetric ZGV branch,0.82432275235580599,2.8520028495429535,0.80421731937151808,2.8517587749600901
selected symmetric ZGV branch,0.82834383895266361,2.8521108740644441,0.80421731937151808,2.8517587749600901
selected symmetric ZGV branch,0.83236492554952124,2.8522388836002754,0.80421731937151808,2.8517587749600901
selected symmetric ZGV branch,0.83638601214637875,2.8523869860059281,0.80421731937151808,2.8517587749600901
selected symmetric ZGV branch,0.84040709874323638,2.8525552898019377,0.80421731937151808,2.8517587749600901
selected symmetric ZGV branch,0.84442818534009401,2.8527439041702269,0.80421731937151808,2.8517587749600901
selected symmetric ZGV branch,0.84844927193695163,2.8529529389446191,0.80421731937151808,2.8517587749600901
selected symmetric ZGV branch,0.85247035853380915,2.8531825046018957,0.80421731937151808,2.8517587749600901
selected symmetric ZGV branch,0.85649144513066677,2.8534327122509286,0.80421731937151808,2.8517587749600901
selected symmetric ZGV branch,0.8605125317275244,2.8537036736266592,0.80421731937151808,2.8517587749600901
selected symmetric ZGV branch,0.86453361832438191,2.8539955010732867,0.80421731937151808,2.8517587749600901
selected symmetric ZGV branch,0.86855470492123954,2.8543083075368973,0.80421731937151808,2.8517587749600901
selected symmetric ZGV branch,0.87257579151809717,2.8546422065514769,0.80421731937151808,2.8517587749600901
selected symmetric ZGV branch,0.87659687811495468,2.8549973122250494,0.80421731937151808,2.8517587749600901
selected symmetric ZGV branch,0.88061796471181231,2.8553737392289515,0.80421731937151808,2.8517587749600901
selected symmetric ZGV branch,0.88463905130866993,2.8557716027792051,0.80421731937151808,2.8517587749600901
selected symmetric ZGV branch,0.88866013790552745,2.856191018624648,0.80421731937151808,2.8517587749600901
selected symmetric ZGV branch,0.89268122450238507,2.8566321030304938,0.80421731937151808,2.8517587749600901
selected symmetric ZGV branch,0.8967023110992427,2.8570949727570092,0.80421731937151808,2.8517587749600901
selected symmetric ZGV branch,0.90072339769610021,2.8575797450496907,0.80421731937151808,2.8517587749600901
selected symmetric ZGV branch,0.90474448429295784,2.8580865376126763,0.80421731937151808,2.8517587749600901
selected symmetric ZGV branch,0.90876557088981547,2.8586154685950285,0.80421731937151808,2.8517587749600901
selected symmetric ZGV branch,0.91278665748667298,2.8591666565679454,0.80421731937151808,2.8517587749600901
selected symmetric ZGV branch,0.91680774408353061,2.8597402205032361,0.80421731937151808,2.8517587749600901
selected symmetric ZGV branch,0.92082883068038823,2.8603362797529543,0.80421731937151808,2.8517587749600901
selected symmetric ZGV branch,0.92484991727724575,2.8609549540257588,0.80421731937151808,2.8517587749600901
selected symmetric ZGV branch,0.92887100387410337,2.861596363361389,0.80421731937151808,2.8517587749600901
selected symmetric ZGV branch,0.932892090470961,2.8622606281076872,0.80421731937151808,2.8517587749600901
selected symmetric ZGV branch,0.93691317706781851,2.8629478688956156,0.80421731937151808,2.8517587749600901
selected symmetric ZGV branch,0.94093426366467614,2.8636582066081826,0.80421731937151808,2.8517587749600901
selected symmetric ZGV branch,0.94495535026153377,2.8643917623573651,0.80421731937151808,2.8517587749600901
selected symmetric ZGV branch,0.94897643685839128,2.8651486574519303,0.80421731937151808,2.8517587749600901
selected symmetric ZGV branch,0.95299752345524891,2.8659290133708186,0.80421731937151808,2.8517587749600901
selected symmetric ZGV branch,0.95701861005210653,2.8667329517282014,0.80421731937151808,2.8517587749600901
selected symmetric ZGV branch,0.96103969664896405,2.8675605942452358,0.80421731937151808,2.8517587749600901
selected symmetric ZGV branch,0.96506078324582167,2.8684120627130949,0.80421731937151808,2.8517587749600901
