"review","severity","file","location","issue","decision","change","verification_command"
"mathematical","Major","docs/derivations/04_spectral_numerics.tex","nested-order and phase-control sections","Inter-discretization differences were described as continuum phase-error bounds.","accepted","Renamed them accumulated inter-resolution phase-discrepancy estimators throughout the manuscript, derivations, captions, and source documentation; explicitly state that they are not continuum enclosures.","uv run pytest -q tests/test_results_prose.py tests/test_discussion_prose.py tests/test_manuscript_evidence.py"
"mathematical","Major","paper/sections/03_morse_unfolding.tex","finite-epsilon point-count paragraphs","The qualitative sufficiently-small theorem did not certify exact cardinality at the registered finite epsilon.","accepted","Reserved exact four-plus-four cardinality for the theorem and described the computed finite-epsilon set as eight resolved, refinement-stable roots; added the opposite-index-pair limitation to the claim matrix and prose.","uv run python scripts/check_claim_evidence.py --require-supported"
"mathematical","Major","src/zgv_morse/workflows/green.py","response-domain control and stationary search","The fixed-Morse search covered only 0.15 k0 while direct response support extended to 0.225 k0.","accepted","Expanded the response-row search to 1.55 sigma = 0.2325 k0, strictly beyond the 1.5 sigma support; increased the radial candidate grid to 15 nodes, included every located point in the Morse sum, and recorded domain controls in the sidecar.","uv run pytest -q tests/test_green_response.py tests/test_reference_workflow.py"
"mathematical","Minor","src/zgv_morse/green_response.py","compact_radial_taper and integrate_branch_response","The numerical hard truncation did not satisfy the C-infinity cutoff assumed for the O(t^-2) remainder.","accepted","Implemented a deterministic C-infinity taper equal to one through 1.25 sigma and flat zero at 1.5 sigma; direct and Morse amplitudes use the identical taper and the paper now states the implemented window.","uv run pytest -q tests/test_green_response.py"
"numerical","Major","docs/manuscript/claim_evidence_matrix.csv","claim C4","Finite-grid winding and seed refinement cannot prove exhaustive continuum enumeration.","accepted","Recalibrated C4 to the resolved refinement-stable set and retained the exact count only in theorem claim C3; boundary/index evidence is called a consistency check.","uv run python scripts/check_claim_evidence.py --require-supported"
"numerical","Major","src/zgv_morse/green_response.py","phase-discrepancy gates","Two-order differences were called rigorous uncertainty certificates.","accepted","Kept the conservative numerical acceptance threshold but renamed the quantity and its documentation as an empirical nested-order/inter-grid discrepancy estimator.","uv run pytest -q tests/test_green_response.py tests/test_results_prose.py"
"numerical","Major",".github/workflows/repro-full.yml","full job TeX steps","Mutable Ubuntu apt TeX could not satisfy the exact TeX Live 2026 byte-reproduction gate.","accepted","Scoped byte identity to the documented reference environment and added a separate strict semantic compiler for nonreference CI; CI records its actual TeX versions and no unverified container digest was invented.","uv run pytest -q tests/test_ci_contract.py tests/test_semantic_compile.py"
"numerical","Major","README.md","reproduction instructions","The public reproduction entry point was stale and did not disclose smoke-profile mutation.","accepted","Documented frozen sync, full and smoke workflows, export and compilation commands, prerequisites, outputs, reference environment, byte-versus-semantic scope, and canonical-output overwrite risk.","uv run pytest -q tests/test_readme_contract.py"
"numerical","Minor","src/zgv_morse/workflows/critical_points.py","critical-point artifact schema","Per-point anisotropic MAC and principal-overlap minima are not persisted in the artifact.","deferred with reason","No manuscript claim uses an anisotropic per-node MAC threshold; eigengap and discrepancy gates plus the reviewer probe support the eight reported points. A schema-wide tracking diagnostic is deferred because it is a robustness extension rather than a correction to the bounded claim.","uv run pytest -q tests/test_mode_tracking.py tests/test_morse_splitting.py"
"numerical","Minor","src/zgv_morse/workflows/green.py","crossover-time bracket","The measured crossover scaling uses a theory-centred search bracket.","accepted","Relabelled the crossing as a theory-centred consistency diagnostic and made the complex Bessel collapse without fitted alignment the primary numerical test.","uv run pytest -q tests/test_results_prose.py tests/figures/test_figure06.py"
"numerical","Minor","scripts/reproduce_all.py","full scientific rerun count","The seven scientific stages had not yet been executed twice in independent clean roots.","deferred to Task 42","Task 42 explicitly adds verify_clean_reproduction.py, two isolated full runs, and scientific-output hash comparison; Task 41 does not claim this release-grade check is already complete.","test -f docs/superpowers/plans/2026-07-10-zgv-critical-ring-first-paper-implementation.md"
"numerical","Minor","src/zgv_morse/workflows/common.py","environment provenance","Sidecars omit normalized BLAS/LAPACK backend and uv build information.","deferred to Task 42","The release reproduction report will record numerical backend, uv version, architecture, and deterministic thread environment; current scientific claims rely on tolerance gates rather than cross-platform byte identity.","test -f docs/superpowers/plans/2026-07-10-zgv-critical-ring-first-paper-implementation.md"
"prr","Major","paper/main.tex; paper/supplement.tex; README.md","title","The original title foregrounded the already known ring-to-points mechanism instead of the new connection.","accepted","Retitled the paper to foreground the full-elastic coefficient- and phase-resolved bridge and its noncommuting temporal limits; synchronized the main paper, supplement, and README under a cross-file contract test.","uv run pytest -q tests/test_abstract_and_captions.py::test_title_foregrounds_the_coefficient_and_phase_resolved_bridge"
"prr","Major","src/zgv_morse/figures/figure06_crossover.py","panel titles and annotations","Figure 6 visually conflated an early joint-limit row and a late fixed-epsilon row as one observed trajectory.","accepted","Reframed the figure as two numerical asymptotic slices connected by a proved growing-|tau| overlap; panel c explicitly denies a single-trajectory interpretation.","uv run pytest -q tests/figures/test_figure06.py tests/test_abstract_and_captions.py"
"prr","Major","paper/sections/06_discussion.tex","scope and boundary statements","Transferability beyond one branch and perturbation family was not distinguished from instance-level evidence.","partially accepted","Added an explicit theorem-level versus instance-level generality map. No second family was added because the manuscript now claims only one numerical realization and the bounded structural theorem.","uv run pytest -q tests/test_discussion_prose.py"
"prr","Major","paper/sections/00_abstract.tex","abstract","The abstract was dominated by model-specific audit values and did not lead with the conceptual advance.","accepted","Rewrote the abstract around symmetry-lifted stationary dimension, the coefficient-resolved bridge, and noncommuting limits; retained only belief-changing numerical evidence and the estimator caveat.","uv run pytest -q tests/test_abstract_and_captions.py"
"prr","Minor","docs/literature/search_log.md","online DOI audit summary","The narrative said 38 retained DOI records while the audit and BibTeX contained 39.","accepted","Refreshed the online audit timestamp and corrected the search log, novelty matrix, and contract test to 39 records.","uv run pytest -q tests/test_bibliography.py"
"prr","Minor","src/zgv_morse/figures/figure01_geometry.py","conceptual panel title","Topology alone was said to control decay although dimension and Hessian rank are the demonstrated mechanism.","accepted","Replaced the broad wording with stationary-set dimension and Hessian-rank language in the figure, contracts, and conclusion.","uv run pytest -q tests/figures/test_figure01.py tests/test_discussion_prose.py"
"prr","Minor","paper/sections","reader-facing prose","Protocol vocabulary such as registered and artifact-backed obscured the scientific narrative.","accepted","Removed reader-facing registered terminology from the main sections, reduced audit jargon in the abstract, and retained procedural detail only where it defines Methods or provenance.","uv run pytest -q tests/test_framing_prose.py tests/test_results_prose.py"
"prr","Minor","docs/figures/figure_contracts.md","Figures 1 and 4 roles","Figures 1 and 4 repeated similar ring-to-eight-point views without sufficiently distinct evidentiary roles.","accepted","Defined Figure 1 as the conceptual mechanism overview and Figure 4 as the full-wave finite-resolution realization with Hessian and refinement evidence.","uv run pytest -q tests/figures/test_figure01.py tests/figures/test_figure04.py"
"prr","Minor","paper/figure_captions.tex","Figure 3c priority","The perturbation-convention panel occupies substantial space relative to independent closure evidence.","deferred with reason","The panel is retained because sign and epsilon-counting conventions are a known failure mode central to the coefficient closure; the caption now states its convention-check role and visual QA found no crowding.","uv run pytest -q tests/figures/test_figure03.py tests/test_abstract_and_captions.py"
"prr","Minor","src/zgv_morse/figures/figure06_crossover.py","collapse annotation","Parameter-free could be misread as containing no physical parameters.","accepted","Replaced parameter-free with without fitted alignment and explicitly listed the prohibited amplitude, phase, carrier, and time shifts.","uv run pytest -q tests/figures/test_figure06.py"
"repro_code_review","Important","scripts/compile_paper_semantic.py","PDF validation","The initial semantic gate accepted a header/EOF-only byte string that was not a structurally valid PDF.","accepted","Added strict pypdf parsing, non-encryption and nonempty-page requirements, plus a malformed-cross-reference negative test.","uv run pytest -q tests/test_semantic_compile.py"
"repro_code_review","Minor","README.md","expected outputs","Machine-readable figure source data was incorrectly described as residing in figure export directories.","accepted","Documented data/source_data as the source-table location and protected it with the README contract test.","uv run pytest -q tests/test_readme_contract.py"
"domain_code_review","Important","src/zgv_morse/green_response.py","support coverage check","A 32-epsilon tolerance allowed integration endpoints one ULP inside compact support.","accepted","Removed the inward tolerance and added independent inner/outer one-ULP undercoverage rejection tests.","uv run pytest -q tests/test_green_response.py"
"domain_code_review","Important","tests/test_green_response.py","registered-grid fixture","A literal 0.3 endpoint was one ULP inside the computed 1.5*0.2 support after the strict fix.","accepted","Constructed the fixture endpoints from the same support constant and window sigma as production.","uv run pytest -q tests/test_green_response.py"
"claim_code_review","Important","paper/sections/00_abstract.tex","novelty and finite-resolution sentences","The initial rewrite made an unqualified negative-priority claim and used the ambiguous phrase eight stable roots.","accepted","Bounded the novelty sentence to the dated literature audit and used eight resolved, refinement-stable roots.","uv run pytest -q tests/test_abstract_and_captions.py"
"claim_code_review","Important","paper/sections/06_discussion.tex","generality map","A dominant fourfold coefficient was incorrectly made sufficient for the same single-J0 matched temporal regimes.","accepted","Separated geometric root persistence from temporal canonical form; the single-J0 match now additionally requires a pure leading fourfold phase and the declared source/remainder hypotheses. C3 now says sufficiently small nonzero epsilon.","uv run pytest -q tests/test_discussion_prose.py tests/test_results_prose.py"
"claim_code_review","Important","src/zgv_morse/figures/figure06_crossover.py","panel d title","The first revised panel-d title clipped the freshly rendered right margin.","accepted","Shortened the title to Theory-centred crossing check and made the deterministic figure test inspect the newly built PNG margin.","uv run pytest -q tests/figures/test_figure06.py"
"claim_code_review","Important","paper/figure_captions.tex","Figure 6 caption","The first expanded caption made the Figure 6 float exceed the page by 29.67 pt.","accepted","Compressed the caption while preserving all six panel roles, two-slice warning, fit windows, cancellation semantics, and source-data path; the exact compiler is warning-free.","uv run python scripts/compile_paper.py"
"claim_code_review","Minor","paper/sections/00_abstract.tex","finite-resolution sentence","The phrase resolves the corresponding eight resolved was repetitive.","accepted","Changed it to yields eight resolved, refinement-stable roots.","uv run pytest -q tests/test_abstract_and_captions.py"
